"","pitcher","p_throws.x","totalStrPct_before","totalBallPct_before","totalBIPPct_before","totalStrPct_after","totalBallPct_after","totalBIPPct_after","difference_totalBIP","difference_totalStr","difference_totalBall"
"1",425794,"R",0.437627811860941,0.366053169734151,0.196319018404908,0.484184914841849,0.318734793187348,0.197080291970803,0.000761273565894949,0.0465571029809085,-0.0473183765468034
"2",425844,"R",0.432661717921527,0.39236479321315,0.174973488865323,0.467924528301887,0.358490566037736,0.173584905660377,-0.00138858320494606,0.0352628103803598,-0.0338742271754137
"3",433589,"R",0.486842105263158,0.299342105263158,0.213815789473684,0.478260869565217,0.347826086956522,0.173913043478261,-0.0399027459954233,-0.0085812356979405,0.0484839816933638
"4",434378,"R",0.428571428571429,0.285714285714286,0.285714285714286,0.5,0.359375,0.140625,-0.145089285714286,0.0714285714285715,0.0736607142857143
"5",434671,"R",0.438073394495413,0.373853211009174,0.188073394495413,0.442660550458716,0.385321100917431,0.172018348623853,-0.0160550458715598,0.00458715596330278,0.0114678899082569
"6",444468,"R",0.471518987341772,0.373417721518987,0.15506329113924,0.456140350877193,0.421052631578947,0.12280701754386,-0.0322562735953807,-0.0153786364645792,0.04763491005996
"7",445213,"R",0.451219512195122,0.335365853658537,0.213414634146341,0.478260869565217,0.391304347826087,0.130434782608696,-0.0829798515376459,0.0270413573700954,0.0559384941675504
"8",445276,"R",0.540540540540541,0.328185328185328,0.131274131274131,0.714285714285714,0.214285714285714,0.0714285714285714,-0.0598455598455598,0.173745173745174,-0.113899613899614
"9",445926,"R",0.444444444444444,0.38034188034188,0.175213675213675,0.432432432432432,0.405405405405405,0.162162162162162,-0.0130515130515132,-0.012012012012012,0.0250635250635251
"10",446321,"L",0.434426229508197,0.372950819672131,0.192622950819672,0.444444444444444,0.388888888888889,0.166666666666667,-0.0259562841530054,0.0100182149362477,0.0159380692167577
"11",448179,"L",0.456611570247934,0.371900826446281,0.171487603305785,0.464285714285714,0.392857142857143,0.142857142857143,-0.0286304604486424,0.00767414403778044,0.0209563164108619
"12",448281,"L",0.465909090909091,0.352272727272727,0.181818181818182,0.428571428571429,0.357142857142857,0.214285714285714,0.0324675324675324,-0.0373376623376623,0.00487012987012986
"13",448855,"R",0.466292134831461,0.384831460674157,0.148876404494382,0.444444444444444,0.222222222222222,0.333333333333333,0.184456928838951,-0.0218476903870162,-0.162609238451935
"14",450203,"R",0.489825581395349,0.357558139534884,0.152616279069767,0.514056224899598,0.309236947791165,0.176706827309237,0.0240905482394695,0.0242306435042495,-0.0483211917437191
"15",451584,"R",0.457831325301205,0.385542168674699,0.156626506024096,0.454545454545455,0.454545454545455,0.0909090909090909,-0.0657174151150054,-0.00328587075575026,0.0690032858707557
"16",452657,"L",0.417518248175182,0.38978102189781,0.192700729927007,0.412955465587045,0.384615384615385,0.202429149797571,0.00972841987056339,-0.00456278258813791,-0.00516563728242558
"17",453172,"R",0.429378531073446,0.42090395480226,0.149717514124294,0.436363636363636,0.327272727272727,0.236363636363636,0.0866461222393425,0.00698510529019003,-0.0936312275295326
"18",453178,"R",0.486363636363636,0.340909090909091,0.172727272727273,0.676470588235294,0.235294117647059,0.088235294117647,-0.0844919786096258,0.190106951871658,-0.105614973262032
"19",453265,"L",0.476635514018692,0.336448598130841,0.186915887850467,0.352941176470588,0.470588235294118,0.176470588235294,-0.0104452996151732,-0.123694337548103,0.134139637163277
"20",453268,"R",0.495677233429395,0.331412103746398,0.172910662824208,0.7,0.3,0,-0.172910662824208,0.204322766570605,-0.0314121037463977
"21",453281,"L",0.439814814814815,0.37962962962963,0.180555555555556,0.386206896551724,0.36551724137931,0.248275862068966,0.06772030651341,-0.0536079182630907,-0.0141123882503193
"22",453286,"R",0.514215080346106,0.351050679851669,0.134734239802225,0.506896551724138,0.351724137931034,0.141379310344828,0.00664507054260255,-0.00731852862196836,0.000673458079365752
"23",453562,"R",0.427238805970149,0.404850746268657,0.167910447761194,0.417112299465241,0.342245989304813,0.240641711229947,0.0727312634687525,-0.0101265065049086,-0.0626047569638439
"24",455119,"R",0.537662337662338,0.303896103896104,0.158441558441558,0.6875,0.25,0.0625,-0.0959415584415585,0.149837662337662,-0.0538961038961039
"25",456124,"R",0.411764705882353,0.470588235294118,0.117647058823529,0.473684210526316,0.315789473684211,0.210526315789474,0.0928792569659442,0.0619195046439628,-0.154798761609907
"26",456501,"R",0.448621553884712,0.379699248120301,0.171679197994987,0.473913043478261,0.391304347826087,0.134782608695652,-0.0368965892993353,0.0252914895935491,0.0116050997057862
"27",456701,"R",0.479674796747967,0.373983739837398,0.146341463414634,0.222222222222222,0.444444444444444,0.333333333333333,0.186991869918699,-0.257452574525745,0.0704607046070461
"28",457915,"R",0.462151394422311,0.366533864541833,0.171314741035857,0.606060606060606,0.242424242424242,0.151515151515151,-0.0197995895207052,0.143909211638295,-0.12410962211759
"29",457918,"L",0.477211796246649,0.359249329758713,0.163538873994638,0.437673130193906,0.376731301939058,0.185595567867036,0.0220566938723979,-0.039538666052743,0.017481972180345
"30",458676,"R",0.456989247311828,0.390681003584229,0.152329749103943,0.490566037735849,0.377358490566038,0.132075471698113,-0.0202542774058294,0.0335767904240211,-0.0133225130181917
"31",458677,"L",0.509433962264151,0.345911949685535,0.144654088050314,0.545454545454545,0.272727272727273,0.181818181818182,0.0371640937678674,0.0360205831903945,-0.0731846769582619
"32",458681,"R",0.508454106280193,0.353864734299517,0.13768115942029,0.473568281938326,0.348017621145374,0.1784140969163,0.0407329374960097,-0.0348858243418673,-0.00584711315414249
"33",458708,"R",0.470212765957447,0.336170212765957,0.193617021276596,0.523076923076923,0.353846153846154,0.123076923076923,-0.0705400981996727,0.0528641571194763,0.0176759410801964
"34",459429,"L",0.582132564841499,0.293948126801153,0.123919308357349,0.625,0.208333333333333,0.166666666666667,0.042747358309318,0.0428674351585014,-0.0856147934678194
"35",461325,"R",0.47008547008547,0.37037037037037,0.15954415954416,0.44,0.44,0.12,-0.0395441595441596,-0.0300854700854701,0.0696296296296297
"36",461829,"L",0.424908424908425,0.43040293040293,0.144688644688645,0.424242424242424,0.393939393939394,0.181818181818182,0.0371295371295373,-0.000666000666000643,-0.0364635364635365
"37",465657,"R",0.444174757281553,0.383495145631068,0.172330097087379,0.555555555555556,0.333333333333333,0.111111111111111,-0.0612189859762675,0.111380798274002,-0.0501618122977346
"38",467100,"R",0.435028248587571,0.31638418079096,0.248587570621469,0.359223300970874,0.427184466019417,0.213592233009709,-0.0349953376117601,-0.0758049476166968,0.110800285228457
"39",468504,"R",0.463414634146341,0.365853658536585,0.170731707317073,0.333333333333333,0.333333333333333,0.333333333333333,0.16260162601626,-0.130081300813008,-0.032520325203252
"40",471911,"R",0.507882882882883,0.35472972972973,0.137387387387387,0.436823104693141,0.407942238267148,0.155234657039711,0.0178472696523237,-0.0710597781897421,0.0532125085374183
"41",474463,"L",0.423076923076923,0.364253393665158,0.212669683257919,0.431818181818182,0.4,0.168181818181818,-0.0444878650761004,0.00874125874125875,0.0357466063348417
"42",475479,"R",0.514950166112957,0.362126245847176,0.122923588039867,0.533333333333333,0.333333333333333,0.133333333333333,0.0104097452934662,0.0183831672203765,-0.0287929125138427
"43",477132,"L",0.51707779886148,0.318785578747628,0.164136622390892,0.531746031746032,0.321428571428571,0.146825396825397,-0.017311225565495,0.0146682328845517,0.00264299268094337
"44",488748,"L",0.469879518072289,0.397590361445783,0.132530120481928,0.517241379310345,0.413793103448276,0.0689655172413792,-0.0635646032405485,0.0473618612380557,0.0162027420024927
"45",488984,"R",0.469101123595506,0.365168539325843,0.165730337078652,0.625,0.25,0.125,-0.0407303370786517,0.155898876404494,-0.115168539325843
"46",489119,"L",0.431297709923664,0.416030534351145,0.152671755725191,0.363636363636364,0.5,0.136363636363636,-0.0163081193615545,-0.0676613462873005,0.0839694656488549
"47",489265,"R",0.473214285714286,0.37202380952381,0.154761904761905,0.4,0.4,0.2,0.0452380952380952,-0.0732142857142857,0.0279761904761905
"48",489334,"R",0.444700460829493,0.352534562211982,0.202764976958525,0.444444444444444,0.333333333333333,0.222222222222222,0.019457245263697,-0.000256016385048685,-0.0192012288786482
"49",489446,"R",0.471264367816092,0.390804597701149,0.137931034482759,0.692307692307692,0.307692307692308,0,-0.137931034482759,0.2210433244916,-0.0831122900088417
"50",493603,"R",0.5,0.354430379746835,0.145569620253165,0.555555555555556,0.333333333333333,0.111111111111111,-0.0344585091420534,0.0555555555555556,-0.0210970464135021
"51",500610,"R",0.504587155963303,0.339449541284404,0.155963302752294,0.444444444444444,0.333333333333333,0.222222222222222,0.0662589194699288,-0.0601427115188583,-0.00611620795107037
"52",500779,"L",0.440251572327044,0.408805031446541,0.150943396226415,0.434782608695652,0.521739130434783,0.0434782608695652,-0.10746513535685,-0.00546896363139188,0.112934098988242
"53",501303,"R",0.4,0.6,0,0.5,0.25,0.25,0.25,0.1,-0.35
"54",501593,"L",0.447552447552448,0.412587412587413,0.13986013986014,0.529411764705882,0.294117647058824,0.176470588235294,0.0366104483751544,0.0818593171534348,-0.118469765528589
"55",501789,"R",0.5,0.344827586206897,0.155172413793103,0.32,0.52,0.16,0.00482758620689649,-0.18,0.175172413793103
"56",501985,"L",0.5,0.343939393939394,0.156060606060606,0.474747474747475,0.38047138047138,0.144781144781145,-0.0112794612794612,-0.0252525252525252,0.0365319865319865
"57",502026,"R",0.427728613569322,0.407079646017699,0.165191740412979,0.45,0.45,0.1,-0.0651917404129794,0.0222713864306785,0.0429203539823009
"58",502043,"R",0.401449275362319,0.402898550724638,0.195652173913043,0.474474474474474,0.39039039039039,0.135135135135135,-0.0605170387779084,0.0730251991121557,-0.0125081603342473
"59",502171,"R",0.425774877650897,0.370309951060359,0.203915171288744,0.43010752688172,0.381720430107527,0.188172043010753,-0.0157431282779912,0.00433264923082322,0.011410479047168
"60",502179,"R",0.424528301886792,0.415094339622642,0.160377358490566,1,0,0,-0.160377358490566,0.575471698113208,-0.415094339622642
"61",502188,"R",0.407216494845361,0.376288659793814,0.216494845360825,0.422680412371134,0.412371134020619,0.164948453608248,-0.0515463917525772,0.0154639175257732,0.0360824742268041
"62",502202,"R",0.451149425287356,0.402298850574713,0.146551724137931,0.434782608695652,0.478260869565217,0.0869565217391304,-0.0595952023988007,-0.0163668165917041,0.0759620189905048
"63",502239,"R",0.478134110787172,0.411078717201166,0.110787172011662,0.470588235294118,0.382352941176471,0.147058823529412,0.03627165151775,-0.00754587549305435,-0.0287257760246956
"64",502624,"R",0.469933184855234,0.383073496659243,0.146993318485523,0.431034482758621,0.448275862068966,0.120689655172414,-0.0263036633131096,-0.0388987020966132,0.0652023654097227
"65",502706,"L",0.446808510638298,0.394799054373522,0.15839243498818,0.48,0.384,0.136,-0.0223924349881797,0.0331914893617021,-0.0107990543735225
"66",503285,"R",0.491349480968858,0.363321799307958,0.145328719723183,0.666666666666667,0.25,0.0833333333333334,-0.06199538638985,0.175317185697809,-0.113321799307958
"67",503569,"R",0.440633245382586,0.419525065963061,0.139841688654354,0.647058823529412,0.294117647058824,0.0588235294117647,-0.0810181592425889,0.206425578146826,-0.125407418904237
"68",506433,"R",0.523946360153257,0.313218390804598,0.162835249042146,0.578680203045685,0.279187817258883,0.142131979695431,-0.0207032693467142,0.0547338428924286,-0.0340305735457144
"69",516969,"R",0.285714285714286,0.571428571428571,0.142857142857143,0.476190476190476,0.380952380952381,0.142857142857143,0,0.19047619047619,-0.19047619047619
"70",518397,"L",0.452513966480447,0.396648044692737,0.150837988826816,0.333333333333333,0.428571428571429,0.238095238095238,0.0872572492684225,-0.119180633147114,0.0319233838786911
"71",518489,"R",0.498644986449864,0.336043360433604,0.165311653116531,0.470588235294118,0.470588235294118,0.0588235294117647,-0.106488123704766,-0.0280567511557469,0.134544874860513
"72",518516,"L",0.501291989664083,0.333333333333333,0.165374677002584,0.4625,0.316666666666667,0.220833333333333,0.0554586563307494,-0.0387919896640827,-0.0166666666666667
"73",518553,"R",0.430340557275542,0.408668730650155,0.160990712074303,0.59375,0.34375,0.0625,-0.0984907120743035,0.163409442724458,-0.0649187306501548
"74",518617,"L",0.527704485488127,0.358839050131926,0.113456464379947,0.538461538461538,0.384615384615385,0.0769230769230769,-0.0365333874568703,0.0107570529734118,0.0257763344834585
"75",518633,"L",0.475177304964539,0.363120567375887,0.161702127659574,0.429824561403509,0.407894736842105,0.162280701754386,0.000578574094811435,-0.0453527435610303,0.0447741694662187
"76",518649,"R",0.310344827586207,0.5,0.189655172413793,0.75,0.25,0,-0.189655172413793,0.439655172413793,-0.25
"77",518748,"R",0.44,0.42,0.14,0.423728813559322,0.474576271186441,0.101694915254237,-0.0383050847457628,-0.016271186440678,0.0545762711864407
"78",518774,"R",0.437908496732026,0.38562091503268,0.176470588235294,0.354166666666667,0.479166666666667,0.166666666666667,-0.00980392156862753,-0.0837418300653595,0.0935457516339869
"79",518813,"R",0.481012658227848,0.351898734177215,0.167088607594937,0.45,0.5,0.05,-0.117088607594937,-0.0310126582278481,0.148101265822785
"80",518858,"R",0.501587301587302,0.361904761904762,0.136507936507936,0.518518518518518,0.296296296296296,0.185185185185185,0.0486772486772488,0.0169312169312169,-0.0656084656084656
"81",518876,"R",0.46530612244898,0.363265306122449,0.171428571428571,0.466367713004484,0.340807174887892,0.192825112107623,0.0213965406790518,0.00106159055550475,-0.0224581312345566
"82",518886,"R",0.523026315789474,0.404605263157895,0.0723684210526316,0.25,0.375,0.375,0.302631578947368,-0.273026315789474,-0.0296052631578947
"83",519008,"L",0.402097902097902,0.395104895104895,0.202797202797203,0.384615384615385,0.403846153846154,0.211538461538461,0.00874125874125864,-0.0174825174825174,0.00874125874125875
"84",519141,"L",0.515235457063712,0.373961218836565,0.110803324099723,0.333333333333333,0.666666666666667,0,-0.110803324099723,-0.181902123730379,0.292705447830102
"85",519144,"R",0.467564259485924,0.345165238678091,0.187270501835985,0.478260869565217,0.322981366459627,0.198757763975155,0.01148726213917,0.0106966100792933,-0.0221838722184632
"86",519151,"R",0.535211267605634,0.309859154929577,0.154929577464789,0.764705882352941,0.117647058823529,0.117647058823529,-0.0372825186412593,0.229494614747307,-0.192212096106048
"87",519293,"L",0.505415162454874,0.364620938628159,0.129963898916968,0.453125,0.421875,0.125,-0.00496389891696758,-0.0522901624548736,0.0572540613718411
"88",519393,"R",0.413636363636364,0.436363636363636,0.15,0.355555555555556,0.444444444444444,0.2,0.0499999999999999,-0.0580808080808081,0.00808080808080808
"89",519443,"R",0.424068767908309,0.424068767908309,0.151862464183381,0.458333333333333,0.333333333333333,0.208333333333333,0.0564708691499523,0.0342645654250239,-0.0907354345749761
"90",520980,"R",0.467005076142132,0.385786802030457,0.147208121827411,0.46875,0.375,0.15625,0.00904187817258884,0.00174492385786801,-0.0107868020304568
"91",521230,"R",0.552356020942408,0.31151832460733,0.136125654450262,0.524590163934426,0.409836065573771,0.0655737704918032,-0.0705518839584585,-0.0277658570079822,0.0983177409664406
"92",521655,"R",0.492401215805471,0.35258358662614,0.155015197568389,0,0.666666666666667,0.333333333333333,0.178318135764944,-0.492401215805471,0.314083080040527
"93",527048,"L",0.412445730824891,0.412445730824891,0.175108538350217,0.497991967871486,0.34136546184739,0.160642570281124,-0.0144659680690926,0.0855462370465945,-0.0710802689775019
"94",527054,"R",0.437037037037037,0.390123456790123,0.172839506172839,0.445161290322581,0.367741935483871,0.187096774193548,0.0142572680207088,0.00812425328554361,-0.0223815213062525
"95",528748,"R",0.5,0.37037037037037,0.12962962962963,0.447368421052632,0.315789473684211,0.236842105263158,0.107212475633528,-0.0526315789473684,-0.0545808966861598
"96",533167,"R",0.47565543071161,0.352059925093633,0.172284644194757,0.480582524271845,0.349514563106796,0.169902912621359,-0.00238173157339738,0.00492709356023419,-0.00254536198683686
"97",542585,"R",0.487858719646799,0.377483443708609,0.134657836644592,0.357142857142857,0.428571428571429,0.214285714285714,0.0796278776411227,-0.130715862503942,0.0510879848628193
"98",542881,"L",0.453104359313078,0.352708058124174,0.194187582562748,0.432291666666667,0.369791666666667,0.197916666666667,0.00372908410391892,-0.0208126926464113,0.0170836085424923
"99",542882,"R",0.484486873508353,0.355608591885442,0.159904534606205,0.539473684210526,0.342105263157895,0.118421052631579,-0.0414834819746263,0.0549868107021731,-0.0135033287275468
"100",542960,"R",0.446153846153846,0.451282051282051,0.102564102564103,0.409090909090909,0.409090909090909,0.181818181818182,0.0792540792540792,-0.0370629370629371,-0.0421911421911422
"101",543022,"R",0.465346534653465,0.392739273927393,0.141914191419142,0.428571428571429,0.321428571428571,0.25,0.108085808580858,-0.0367751060820368,-0.0713107024988213
"102",543037,"R",0.518881118881119,0.346853146853147,0.134265734265734,0.519519519519519,0.348348348348348,0.132132132132132,-0.00213360213360203,0.000638400638400594,0.00149520149520149
"103",543101,"R",0.412300683371298,0.412300683371298,0.175398633257403,0.310810810810811,0.486486486486487,0.202702702702703,0.0273040694452994,-0.101489872560488,0.0741858031151881
"104",543118,"R",0.453488372093023,0.36046511627907,0.186046511627907,0.454545454545455,0.454545454545455,0.0909090909090909,-0.0951374207188161,0.0010570824524313,0.0940803382663848
"105",543135,"R",0.519056261343013,0.312159709618875,0.168784029038112,0.486772486772487,0.328042328042328,0.185185185185185,0.0164011561470728,-0.032283774570526,0.0158826184234532
"106",543219,"L",0.346153846153846,0.480769230769231,0.173076923076923,0.488888888888889,0.422222222222222,0.0888888888888889,-0.0841880341880342,0.142735042735043,-0.0585470085470086
"107",543243,"R",0.464285714285714,0.394132653061224,0.141581632653061,0.511111111111111,0.377777777777778,0.111111111111111,-0.0304705215419501,0.0468253968253968,-0.0163548752834467
"108",543294,"R",0.480463096960926,0.32561505065123,0.193921852387844,0.477611940298507,0.319829424307036,0.202558635394456,0.00863678300661264,-0.00285115666241875,-0.00578562634419383
"109",543339,"R",0.537704918032787,0.357377049180328,0.104918032786885,0.489795918367347,0.326530612244898,0.183673469387755,0.0787554366008698,-0.0479089996654399,-0.0308464369354299
"110",543475,"R",0.393736017897092,0.404921700223714,0.201342281879195,0.439635535307517,0.359908883826879,0.200455580865604,-0.000886701013590896,0.0458995174104254,-0.0450128163968344
"111",543483,"R",0.450617283950617,0.407407407407407,0.141975308641975,0.5,0.333333333333333,0.166666666666667,0.0246913580246915,0.0493827160493827,-0.0740740740740741
"112",543507,"R",0.479224376731302,0.39612188365651,0.124653739612188,0.6,0.366666666666667,0.0333333333333334,-0.091320406278855,0.120775623268698,-0.029455216989843
"113",543548,"L",0.470588235294118,0.350912778904665,0.178498985801217,0.451282051282051,0.364102564102564,0.184615384615385,0.00611639881416759,-0.0193061840120664,0.0131897851978988
"114",543557,"L",0.383720930232558,0.453488372093023,0.162790697674419,0.4,0.3,0.3,0.137209302325581,0.0162790697674419,-0.153488372093023
"115",543606,"R",0.484536082474227,0.391752577319588,0.123711340206186,0.470588235294118,0.352941176470588,0.176470588235294,0.0527592480291086,-0.0139478471801092,-0.0388114008489994
"116",543699,"R",0.424242424242424,0.413419913419913,0.162337662337662,0.430588235294118,0.416470588235294,0.152941176470588,-0.00939648586707409,0.00634581105169341,0.00305067481538068
"117",543734,"L",0.41025641025641,0.435897435897436,0.153846153846154,0.473684210526316,0.315789473684211,0.210526315789474,0.0566801619433198,0.0634278002699055,-0.120107962213225
"118",543766,"R",0.392592592592593,0.444444444444444,0.162962962962963,0.294117647058824,0.470588235294118,0.235294117647059,0.0723311546840959,-0.0984749455337691,0.0261437908496732
"119",543867,"L",0.445402298850575,0.396551724137931,0.158045977011494,0.5,0.25,0.25,0.0919540229885057,0.0545977011494253,-0.146551724137931
"120",543883,"R",0.424124513618677,0.381322957198444,0.194552529182879,0.325581395348837,0.395348837209302,0.279069767441861,0.0845172382589812,-0.0985431182698398,0.0140258800108587
"121",543901,"R",0.439588688946015,0.367609254498715,0.19280205655527,0.371584699453552,0.398907103825137,0.229508196721312,0.0367061401660416,-0.0680039894924635,0.0312978493264219
"122",544727,"R",0.441975308641975,0.402469135802469,0.155555555555556,0.470588235294118,0.352941176470588,0.176470588235294,0.0209150326797386,0.0286129266521423,-0.0495279593318809
"123",544931,"R",0.394736842105263,0.368421052631579,0.236842105263158,0.25,0.625,0.125,-0.111842105263158,-0.144736842105263,0.256578947368421
"124",545064,"R",0.383386581469649,0.431309904153355,0.185303514376997,0.615384615384615,0.230769230769231,0.153846153846154,-0.031457360530843,0.231998033914967,-0.200540673384124
"125",545333,"R",0.513406156901688,0.357497517378352,0.12909632571996,0.496031746031746,0.373015873015873,0.130952380952381,0.00185605523242072,-0.0173744108699422,0.0155183556375215
"126",547179,"R",0.457337883959044,0.39419795221843,0.148464163822526,0.571428571428571,0.285714285714286,0.142857142857143,-0.00560702096538279,0.114090687469527,-0.108483666504144
"127",547888,"R",0.47463768115942,0.355072463768116,0.170289855072464,0.446564885496183,0.354961832061069,0.198473282442748,0.0281834273702843,-0.0280727956632371,-0.000110631707047282
"128",547942,"L",0.439522998296422,0.371379897785349,0.189097103918228,0.454545454545455,0.363636363636364,0.181818181818182,-0.00727892210004644,0.015022456249032,-0.0077435341489856
"129",547943,"L",0.47871235721703,0.359293873312565,0.161993769470405,0.486486486486487,0.351351351351351,0.162162162162162,0.000168392691757058,0.00777412926945642,-0.00794252196121353
"130",547973,"L",0.594377510040161,0.321285140562249,0.0843373493975904,0.6875,0.1875,0.125,0.0406626506024096,0.0931224899598394,-0.133785140562249
"131",548384,"L",0.506297229219144,0.367758186397985,0.125944584382871,0.625,0.333333333333333,0.0416666666666667,-0.0842779177162047,0.118702770780856,-0.0344248530646516
"132",548389,"R",0.453781512605042,0.371428571428571,0.174789915966387,0.4625,0.329166666666667,0.208333333333333,0.0335434173669467,0.00871848739495801,-0.0422619047619048
"133",554340,"R",0.467153284671533,0.37956204379562,0.153284671532847,0.333333333333333,0.5,0.166666666666667,0.01338199513382,-0.1338199513382,0.12043795620438
"134",554430,"R",0.462222222222222,0.348888888888889,0.188888888888889,0.445652173913043,0.33695652173913,0.217391304347826,0.0285024154589373,-0.0165700483091787,-0.0119323671497585
"135",554431,"L",0.541899441340782,0.333333333333333,0.124767225325884,0.5,0.333333333333333,0.166666666666667,0.0418994413407823,-0.0418994413407822,0
"136",570240,"R",0.440594059405941,0.400990099009901,0.158415841584158,0.5,0.214285714285714,0.285714285714286,0.127298444130127,0.0594059405940594,-0.186704384724187
"137",570488,"R",0.425287356321839,0.404597701149425,0.170114942528736,0.4375,0.5,0.0625,-0.107614942528736,0.0122126436781609,0.0954022988505747
"138",570560,NA,NA,NA,NA,0.416666666666667,0.333333333333333,0.25,NA,NA,NA
"139",570632,"R",0.5,0.344155844155844,0.155844155844156,0.406451612903226,0.393548387096774,0.2,0.0441558441558441,-0.0935483870967742,0.04939254294093
"140",570663,"R",0.491666666666667,0.375,0.133333333333333,0.416666666666667,0.4375,0.145833333333333,0.0125,-0.075,0.0625
"141",570666,"R",0.430939226519337,0.392265193370166,0.176795580110497,0.52,0.24,0.24,0.0632044198895028,0.089060773480663,-0.152265193370166
"142",571510,"L",0.445454545454545,0.387878787878788,0.166666666666667,0.484184914841849,0.372262773722628,0.143552311435523,-0.0231143552311437,0.0387303693873037,-0.0156160141561602
"143",571521,"L",0.521739130434783,0.456521739130435,0.0217391304347827,0.464285714285714,0.5,0.0357142857142857,0.013975155279503,-0.0574534161490683,0.0434782608695652
"144",571578,"L",0.439728353140917,0.371816638370119,0.188455008488964,0.464285714285714,0.318681318681319,0.217032967032967,0.0285779585440027,0.0245573611447975,-0.0531353196888002
"145",571602,"R",0.434782608695652,0.347826086956522,0.217391304347826,0.409090909090909,0.318181818181818,0.272727272727273,0.0553359683794465,-0.025691699604743,-0.0296442687747036
"146",571656,"R",0.423728813559322,0.383050847457627,0.193220338983051,0.65,0.2,0.15,-0.043220338983051,0.226271186440678,-0.183050847457627
"147",571666,"R",0.413793103448276,0.36833855799373,0.217868338557994,0.405529953917051,0.3963133640553,0.19815668202765,-0.0197116565303441,-0.00826314953122514,0.0279748060615692
"148",571670,"R",0.4765625,0.330729166666667,0.192708333333333,0.466666666666667,0.422222222222222,0.111111111111111,-0.0815972222222221,-0.00989583333333333,0.0914930555555555
"149",571704,"R",0.477272727272727,0.431818181818182,0.0909090909090908,0.565217391304348,0.304347826086957,0.130434782608696,0.0395256916996048,0.0879446640316205,-0.127470355731225
"150",571710,"R",0.510971786833856,0.363636363636364,0.125391849529781,0.457627118644068,0.423728813559322,0.11864406779661,-0.00674778173317037,-0.053344668189788,0.0600924499229584
"151",571735,"R",0.453389830508475,0.36864406779661,0.177966101694915,0.416666666666667,0.166666666666667,0.416666666666667,0.238700564971751,-0.0367231638418079,-0.201977401129944
"152",571760,"L",0.468373493975904,0.364457831325301,0.167168674698795,0.522796352583587,0.319148936170213,0.158054711246201,-0.00911396345259463,0.054422858607683,-0.0453088951550884
"153",571788,"R",0.466666666666667,0.333333333333333,0.2,0.375,0.25,0.375,0.175,-0.0916666666666667,-0.0833333333333333
"154",571901,"L",0.5,0.329842931937173,0.170157068062827,0.4,0.36,0.24,0.0698429319371727,-0.1,0.0301570680628272
"155",571927,"L",0.463157894736842,0.421052631578947,0.115789473684211,0.51981351981352,0.34032634032634,0.13986013986014,0.0240706661759292,0.0566556250766778,-0.080726291252607
"156",571948,"L",0.492682926829268,0.370731707317073,0.136585365853659,0.513513513513513,0.324324324324324,0.162162162162162,0.0255767963085036,0.0208305866842452,-0.0464073829927488
"157",572020,"L",0.503623188405797,0.365942028985507,0.130434782608696,0.513157894736842,0.276315789473684,0.210526315789474,0.0800915331807781,0.00953470633104503,-0.089626239511823
"158",572021,"L",0.388888888888889,0.462962962962963,0.148148148148148,0.55,0.25,0.2,0.0518518518518518,0.161111111111111,-0.212962962962963
"159",572070,"R",0.462264150943396,0.375471698113208,0.162264150943396,0.410958904109589,0.388127853881279,0.200913242009132,0.0386490910657362,-0.0513052468338072,0.0126561557680709
"160",572096,"R",0.526992287917738,0.365038560411311,0.107969151670951,0.4,0.45,0.15,0.0420308483290488,-0.126992287917738,0.084961439588689
"161",572125,"L",0.487421383647799,0.374213836477987,0.138364779874214,0.6875,0.3125,0,-0.138364779874214,0.200078616352201,-0.0617138364779874
"162",572143,"R",0.5,0.313333333333333,0.186666666666667,0,0.5,0.5,0.313333333333333,-0.5,0.186666666666667
"163",572193,"R",0.457413249211356,0.435331230283912,0.107255520504732,0.5,0.388888888888889,0.111111111111111,0.0038555906063793,0.0425867507886435,-0.0464423413950228
"164",572362,"L",0.422794117647059,0.415441176470588,0.161764705882353,0.474820143884892,0.359712230215827,0.165467625899281,0.00370292001692774,0.0520260262378333,-0.0557289462547609
"165",572383,"L",0.421052631578947,0.463157894736842,0.115789473684211,0.357142857142857,0.571428571428571,0.0714285714285714,-0.0443609022556392,-0.0639097744360902,0.108270676691729
"166",572703,"R",0.5,0.326923076923077,0.173076923076923,0.5625,0.375,0.0625,-0.110576923076923,0.0625,0.0480769230769231
"167",572888,"R",0.449579831932773,0.371848739495798,0.178571428571429,0.333333333333333,0.444444444444444,0.222222222222222,0.0436507936507937,-0.11624649859944,0.0725957049486461
"168",572955,"R",0.48695652173913,0.373913043478261,0.139130434782609,0.55,0.4,0.0499999999999999,-0.0891304347826087,0.0630434782608696,0.0260869565217391
"169",572971,"L",0.40938864628821,0.388646288209607,0.201965065502183,0.528301886792453,0.339622641509434,0.132075471698113,-0.0698895938040702,0.118913240504243,-0.0490236467001731
"170",573109,"R",0.382978723404255,0.446808510638298,0.170212765957447,0.5,0.388888888888889,0.111111111111111,-0.0591016548463357,0.117021276595745,-0.057919621749409
"171",573124,"L",0.522988505747126,0.307471264367816,0.169540229885057,0.473684210526316,0.263157894736842,0.263157894736842,0.0936176648517847,-0.0493042952208106,-0.044313369630974
"172",579328,"L",0.455072463768116,0.389855072463768,0.155072463768116,0.470588235294118,0.362745098039216,0.166666666666667,0.0115942028985507,0.0155157715260017,-0.0271099744245524
"173",580792,"R",0.488479262672811,0.387096774193548,0.124423963133641,0.571428571428571,0.285714285714286,0.142857142857143,0.0184331797235023,0.0829493087557603,-0.101382488479263
"174",592094,"R",0.486363636363636,0.409090909090909,0.104545454545454,0.7,0.3,0,-0.104545454545454,0.213636363636364,-0.109090909090909
"175",592165,"R",0.459459459459459,0.391891891891892,0.148648648648649,0.390243902439024,0.414634146341463,0.195121951219512,0.0464733025708635,-0.0692155570204351,0.0227422544495715
"176",592169,"R",0.486486486486487,0.388513513513513,0.125,0.482758620689655,0.448275862068966,0.0689655172413792,-0.0560344827586208,-0.00372786579683132,0.059762348555452
"177",592222,"L",0.450511945392491,0.372013651877133,0.177474402730375,0.59375,0.28125,0.125,-0.0524744027303754,0.143238054607509,-0.0907636518771331
"178",592229,"R",0.462765957446808,0.319148936170213,0.218085106382979,0.44,0.4,0.16,-0.0580851063829788,-0.0227659574468085,0.0808510638297872
"179",592254,"R",0.466165413533835,0.43609022556391,0.0977443609022557,0.333333333333333,0.666666666666667,0,-0.0977443609022557,-0.132832080200501,0.230576441102757
"180",592314,"R",0.405405405405405,0.459459459459459,0.135135135135135,0.466666666666667,0.5,0.0333333333333333,-0.101801801801802,0.0612612612612612,0.0405405405405405
"181",592332,"R",0.522895125553914,0.314623338257016,0.162481536189069,0.494736842105263,0.4,0.105263157894737,-0.0572183782943325,-0.0281582834486512,0.0853766617429838
"182",592346,"R",0.418518518518519,0.396296296296296,0.185185185185185,0.395348837209302,0.395348837209302,0.209302325581395,0.0241171403962103,-0.0231696813092162,-0.000947459086994007
"183",592351,"R",0.427553444180523,0.380047505938242,0.192399049881235,0.45021645021645,0.324675324675325,0.225108225108225,0.0327091752269899,0.0226630060359277,-0.0553721812629176
"184",592390,"R",0.479452054794521,0.373287671232877,0.147260273972603,0.542857142857143,0.314285714285714,0.142857142857143,-0.00440313111545987,0.0634050880626223,-0.0590019569471624
"185",592426,"R",0.428934010152284,0.383248730964467,0.187817258883249,0.424242424242424,0.363636363636364,0.212121212121212,0.0243039532379634,-0.00469158590986002,-0.0196123673281033
"186",592464,"L",0.585106382978723,0.319148936170213,0.0957446808510638,0.491525423728814,0.288135593220339,0.220338983050847,0.124594302199784,-0.0935809592499098,-0.0310133429498738
"187",592473,"L",0.418181818181818,0.363636363636364,0.218181818181818,0.5,0.272727272727273,0.227272727272727,0.00909090909090904,0.0818181818181818,-0.0909090909090909
"188",592612,"L",0.485981308411215,0.336448598130841,0.177570093457944,0.450704225352113,0.436619718309859,0.112676056338028,-0.0648940371199157,-0.0352770830591023,0.100171120179018
"189",592644,"R",0.441717791411043,0.355828220858896,0.202453987730061,0.525773195876289,0.298969072164948,0.175257731958763,-0.0271962557712984,0.0840554044652457,-0.0568591486939473
"190",592662,"L",0.457184325108853,0.433962264150943,0.108853410740203,0.44574780058651,0.425219941348974,0.129032258064516,0.020178847324313,-0.0114365245223432,-0.00874232280196979
"191",592741,"L",0.486880466472303,0.393586005830904,0.119533527696793,0.448275862068966,0.396551724137931,0.155172413793103,0.0356388860963104,-0.0386046044033377,0.00296571830702724
"192",592761,"L",0.507772020725389,0.373056994818653,0.119170984455959,0.450704225352113,0.450704225352113,0.0985915492957746,-0.0205794351601839,-0.0570677953732759,0.0776472305334598
"193",592767,"L",0.524495677233429,0.342939481268012,0.132564841498559,0.578947368421053,0.330827067669173,0.0902255639097744,-0.0423392775887846,0.0544516911876233,-0.0121124135988386
"194",592773,"R",0.465608465608466,0.423280423280423,0.111111111111111,0.41025641025641,0.461538461538462,0.128205128205128,0.017094017094017,-0.0553520553520553,0.0382580382580383
"195",592811,"R",0.32,0.52,0.16,0.36,0.48,0.16,1.11022302462516e-16,0.04,-0.04
"196",592826,"R",0.505827505827506,0.370629370629371,0.123543123543124,0.476190476190476,0.388888888888889,0.134920634920635,0.0113775113775113,-0.0296370296370296,0.0182595182595183
"197",592833,"R",0.363636363636364,0.454545454545455,0.181818181818182,0.428571428571429,0.285714285714286,0.285714285714286,0.103896103896104,0.0649350649350649,-0.168831168831169
"198",592836,"R",0.469178082191781,0.363013698630137,0.167808219178082,0.416666666666667,0.406862745098039,0.176470588235294,0.00866236905721196,-0.0525114155251141,0.0438490464679022
"199",592858,"R",0.512820512820513,0.336996336996337,0.15018315018315,0.444444444444444,0.444444444444444,0.111111111111111,-0.039072039072039,-0.0683760683760684,0.107448107448107
"200",592865,"R",0.465587044534413,0.408906882591093,0.125506072874494,0,0.5,0.5,0.374493927125506,-0.465587044534413,0.0910931174089069
"201",592866,"R",0.457589285714286,0.386160714285714,0.15625,0.45067264573991,0.37219730941704,0.177130044843049,0.0208800448430493,-0.00691663997437536,-0.0139634048686739
"202",592879,"R",0.445876288659794,0.384020618556701,0.170103092783505,0.453125,0.40625,0.140625,-0.0294780927835051,0.00724871134020616,0.0222293814432989
"203",593140,"R",0.418181818181818,0.490909090909091,0.0909090909090909,0.4,0.4,0.2,0.109090909090909,-0.0181818181818181,-0.0909090909090909
"204",593144,"R",0.526470588235294,0.355882352941176,0.117647058823529,0.523809523809524,0.285714285714286,0.19047619047619,0.072829131652661,-0.0026610644257703,-0.0701680672268908
"205",593372,"R",0.401315789473684,0.414473684210526,0.184210526315789,0.490909090909091,0.339393939393939,0.16969696969697,-0.0145135566188197,0.0895933014354067,-0.0750797448165869
"206",593423,"R",0.498607242339833,0.342618384401114,0.158774373259053,0.507109004739337,0.341232227488152,0.151658767772512,-0.00711560548654111,0.00850176239950362,-0.00138615691296251
"207",593619,"R",0.403508771929825,0.421052631578947,0.175438596491228,0.590909090909091,0.318181818181818,0.0909090909090908,-0.0845295055821373,0.187400318979266,-0.102870813397129
"208",593833,"R",0.495601173020528,0.348973607038123,0.155425219941349,0,0.333333333333333,0.666666666666667,0.511241446725318,-0.495601173020528,-0.0156402737047899
"209",593974,"L",0.456876456876457,0.391608391608392,0.151515151515151,0.378378378378378,0.459459459459459,0.162162162162162,0.0106470106470106,-0.0784980784980785,0.0678510678510679
"210",594577,"R",0.49163179916318,0.384937238493724,0.123430962343096,0.714285714285714,0.142857142857143,0.142857142857143,0.0194261805140465,0.222653915122534,-0.242080095636581
"211",594795,"L",0.48469387755102,0.375,0.14030612244898,0.479338842975207,0.363636363636364,0.15702479338843,0.01671867093945,-0.00535503457581377,-0.0113636363636364
"212",594798,"R",0.545454545454545,0.327751196172249,0.126794258373206,0.52972972972973,0.351351351351351,0.118918918918919,-0.00787533945428698,-0.0157248157248157,0.0236001551791026
"213",594835,"L",0.496307237813885,0.31314623338257,0.190546528803545,0.537037037037037,0.285185185185185,0.177777777777778,-0.0127687510257674,0.0407297992231523,-0.0279610481973849
"214",594840,"L",0.454545454545455,0.454545454545455,0.0909090909090909,0,0,1,0.909090909090909,-0.454545454545455,-0.454545454545455
"215",594965,"R",0.535064935064935,0.374025974025974,0.0909090909090909,0.438356164383562,0.447488584474886,0.114155251141553,0.0232461602324616,-0.0967087706813734,0.0734626104489118
"216",594986,"L",0.464601769911504,0.371681415929204,0.163716814159292,0.432432432432432,0.378378378378378,0.189189189189189,0.0254723750298972,-0.032169337479072,0.00669696244917484
"217",594987,"R",0.471186440677966,0.393220338983051,0.135593220338983,0.441176470588235,0.382352941176471,0.176470588235294,0.0408773678963111,-0.0300099700897308,-0.0108673978065803
"218",595001,"R",0.458445040214477,0.337801608579088,0.203753351206434,0.380952380952381,0.380952380952381,0.238095238095238,0.0343418868888038,-0.0774926592620963,0.0431507723732925
"219",595014,"R",0.483558994197292,0.334622823984526,0.181818181818182,0.4375,0.3125,0.25,0.0681818181818181,-0.0460589941972921,-0.0221228239845261
"220",595465,"R",0.467432950191571,0.39463601532567,0.137931034482759,0.470588235294118,0.411764705882353,0.117647058823529,-0.0202839756592292,0.00315528510254676,0.0171286905566824
"221",595918,"R",0.445070422535211,0.388732394366197,0.166197183098592,0.75,0.25,0,-0.166197183098592,0.304929577464789,-0.138732394366197
"222",595928,"R",0.480916030534351,0.32824427480916,0.190839694656489,0.512605042016807,0.34453781512605,0.142857142857143,-0.0479825517993456,0.0316890114824555,0.0162935403168901
"223",596001,"R",0.462809917355372,0.347107438016529,0.190082644628099,0.4125,0.3375,0.25,0.0599173553719008,-0.0503099173553719,-0.00960743801652891
"224",596035,"R",0.4,0.376470588235294,0.223529411764706,0.333333333333333,0.333333333333333,0.333333333333333,0.109803921568628,-0.0666666666666667,-0.0431372549019608
"225",596043,"R",0.502673796791444,0.342245989304813,0.155080213903743,0.380952380952381,0.404761904761905,0.214285714285714,0.059205500381971,-0.121721415839063,0.062515915457092
"226",596057,"L",0.474619289340102,0.368020304568528,0.157360406091371,0.547619047619048,0.357142857142857,0.0952380952380951,-0.0621223108532755,0.0729997582789462,-0.0108774474256708
"227",596101,"R",0.362745098039216,0.470588235294118,0.166666666666667,0.5,0.375,0.125,-0.0416666666666667,0.137254901960784,-0.0955882352941176
"228",596112,"R",0.519230769230769,0.375,0.105769230769231,0.60377358490566,0.30188679245283,0.0943396226415094,-0.0114296081277213,0.0845428156748911,-0.0731132075471698
"229",596133,"R",0.485584218512898,0.35660091047041,0.157814871016692,0.47196261682243,0.369158878504673,0.158878504672897,0.00106363365620521,-0.0136216016904684,0.0125579680342632
"230",596295,"L",0.467213114754098,0.385245901639344,0.147540983606557,0.4,0.4,0.2,0.0524590163934426,-0.0672131147540984,0.0147540983606558
"231",596720,"R",0.403448275862069,0.444827586206897,0.151724137931035,0.512820512820513,0.384615384615385,0.102564102564103,-0.0491600353669319,0.109372236958444,-0.0602122015915119
"232",598264,"R",0.502604166666667,0.380208333333333,0.1171875,0.560975609756098,0.341463414634146,0.097560975609756,-0.019626524390244,0.058371443089431,-0.0387449186991869
"233",598286,"L",0.455172413793103,0.413793103448276,0.131034482758621,0.447368421052632,0.342105263157895,0.210526315789474,0.0794918330308529,-0.00780399274047189,-0.0716878402903811
"234",598287,"R",0.460207612456747,0.384083044982699,0.155709342560554,0.294117647058824,0.411764705882353,0.294117647058824,0.13840830449827,-0.166089965397924,0.027681660899654
"235",600968,"L",0.454545454545455,0.409090909090909,0.136363636363636,0.333333333333333,0.5,0.166666666666667,0.0303030303030304,-0.121212121212121,0.0909090909090909
"236",601713,"R",0.496,0.368,0.136,0.46583850931677,0.372670807453416,0.161490683229814,0.0254906832298137,-0.0301614906832298,0.00467080745341614
"237",605130,"R",0.475225225225225,0.376126126126126,0.148648648648649,0.653846153846154,0.307692307692308,0.0384615384615384,-0.11018711018711,0.178620928620929,-0.0684338184338184
"238",605135,"R",0.47279322853688,0.342200725513906,0.185006045949214,0.390374331550802,0.39572192513369,0.213903743315508,0.028897697366294,-0.0824188969860781,0.0535211996197842
"239",605138,"L",0.482758620689655,0.348659003831418,0.168582375478927,0.420454545454545,0.363636363636364,0.215909090909091,0.0473267154301636,-0.0623040752351097,0.014977359804946
"240",605151,"R",0.471264367816092,0.348659003831418,0.18007662835249,0.375,0.375,0.25,0.0699233716475096,-0.0962643678160919,0.0263409961685824
"241",605155,"R",0.489473684210526,0.35,0.160526315789474,0.5,0.375,0.125,-0.0355263157894736,0.0105263157894737,0.025
"242",605164,"R",0.495833333333333,0.341666666666667,0.1625,0.484641638225256,0.341296928327645,0.174061433447099,0.0115614334470989,-0.0111916951080774,-0.000369738339021597
"243",605177,"L",0.461111111111111,0.4,0.138888888888889,0.5,0.25,0.25,0.111111111111111,0.0388888888888889,-0.15
"244",605182,"R",0.431486880466472,0.419825072886297,0.14868804664723,0.464730290456432,0.365145228215768,0.170124481327801,0.0214364346805707,0.0332434099899592,-0.0546798446705298
"245",605200,"R",0.435279187817259,0.387055837563452,0.177664974619289,0.4296875,0.385416666666667,0.184895833333333,0.00723085871404394,-0.00559168781725888,-0.00163917089678511
"246",605240,"L",0.444816053511706,0.424749163879599,0.130434782608696,0.378378378378378,0.486486486486487,0.135135135135135,0.00470035252643941,-0.0664376751333273,0.0617373226068879
"247",605242,"R",0.428571428571429,0.39622641509434,0.175202156334232,0.339805825242718,0.466019417475728,0.194174757281553,0.0189726009473214,-0.0887656033287101,0.0697930023813885
"248",605276,"R",0.396396396396396,0.387387387387387,0.216216216216216,0.2,0,0.8,0.583783783783784,-0.196396396396396,-0.387387387387387
"249",605288,"R",0.444444444444444,0.37037037037037,0.185185185185185,0.461318051575931,0.346704871060172,0.191977077363897,0.00679189217871168,0.0168736071314868,-0.0236654993101985
"250",605309,"R",0.483870967741935,0.451612903225806,0.064516129032258,0.565217391304348,0.304347826086957,0.130434782608696,0.0659186535764377,0.0813464235624123,-0.14726507713885
"251",605347,"R",0.40997830802603,0.405639913232104,0.184381778741866,0.383233532934132,0.383233532934132,0.233532934131736,0.0491511553898709,-0.0267447750918986,-0.0224063802979724
"252",605359,"R",0.522959183673469,0.334183673469388,0.142857142857143,0.538461538461538,0.307692307692308,0.153846153846154,0.0109890109890111,0.0155023547880691,-0.0264913657770801
"253",605388,"L",0.492537313432836,0.358208955223881,0.149253731343284,0.6,0.2,0.2,0.0507462686567164,0.107462686567164,-0.158208955223881
"254",605397,"R",0.509523809523809,0.347619047619048,0.142857142857143,0.548913043478261,0.347826086956522,0.103260869565217,-0.0395962732919255,0.0393892339544514,0.000207039337474124
"255",605400,"R",0.52258064516129,0.336774193548387,0.140645161290323,0.510948905109489,0.354014598540146,0.135036496350365,-0.0056086649399576,-0.0116317400518012,0.0172404049917589
"256",605446,"R",0.509433962264151,0.320754716981132,0.169811320754717,0.351351351351351,0.432432432432432,0.216216216216216,0.0464048954614993,-0.1580826109128,0.1116777154513
"257",605447,"R",0.513888888888889,0.365740740740741,0.12037037037037,0.368421052631579,0.473684210526316,0.157894736842105,0.0375243664717348,-0.14546783625731,0.107943469785575
"258",605479,"L",0.461538461538462,0.5,0.0384615384615384,0.5625,0.375,0.0625,0.0240384615384616,0.100961538461538,-0.125
"259",605482,"R",0.522556390977444,0.338345864661654,0.139097744360902,0.222222222222222,0.444444444444444,0.333333333333333,0.194235588972431,-0.300334168755221,0.10609857978279
"260",605483,"L",0.478744939271255,0.398785425101215,0.12246963562753,0.458904109589041,0.400684931506849,0.14041095890411,0.0179413232765793,-0.019840829682214,0.00189950640563474
"261",605488,"L",0.493464052287582,0.349673202614379,0.156862745098039,0.538461538461538,0.353846153846154,0.107692307692308,-0.0491704374057315,0.0449974861739567,0.0041729512317748
"262",605498,"L",0.397435897435897,0.416666666666667,0.185897435897436,0.230769230769231,0.692307692307692,0.0769230769230769,-0.108974358974359,-0.166666666666667,0.275641025641026
"263",605501,"L",0.446666666666667,0.393333333333333,0.16,0.413793103448276,0.413793103448276,0.172413793103448,0.0124137931034483,-0.0328735632183908,0.0204597701149425
"264",605513,"R",0.421518987341772,0.411392405063291,0.167088607594937,0.469879518072289,0.385542168674699,0.144578313253012,-0.0225102943419246,0.048360530730517,-0.0258502363885924
"265",605525,"R",0.476851851851852,0.377314814814815,0.145833333333333,0.333333333333333,0.619047619047619,0.0476190476190477,-0.0982142857142856,-0.143518518518519,0.241732804232804
"266",605538,"R",0.526570048309179,0.359903381642512,0.113526570048309,0.5,0.25,0.25,0.136473429951691,-0.0265700483091788,-0.109903381642512
"267",605540,"R",0.510681586978637,0.348931841302136,0.140386571719227,0.5,0.339622641509434,0.160377358490566,0.0199907867713394,-0.0106815869786369,-0.00930919979270239
"268",606115,"R",0.36,0.36,0.28,0.5,0,0.5,0.22,0.14,-0.36
"269",606131,"R",0.471615720524017,0.353711790393013,0.174672489082969,0.5,0.386363636363636,0.113636363636364,-0.0610361254466057,0.0283842794759825,0.0326518459706233
"270",606149,"R",0.574162679425837,0.301435406698565,0.124401913875598,0.5,0.357142857142857,0.142857142857143,0.0184552289815447,-0.0741626794258373,0.0557074504442925
"271",606160,"R",0.505535055350554,0.343173431734317,0.151291512915129,0.5,0.5,0,-0.151291512915129,-0.00553505535055354,0.156826568265683
"272",606996,"L",0.411483253588517,0.454545454545455,0.133971291866029,0.404255319148936,0.340425531914894,0.25531914893617,0.121347857070142,-0.00722793443958059,-0.114119922630561
"273",607067,"R",0.486486486486487,0.297297297297297,0.216216216216216,0.555555555555556,0.333333333333333,0.111111111111111,-0.105105105105105,0.0690690690690691,0.036036036036036
"274",607074,"L",0.460674157303371,0.325842696629214,0.213483146067416,0.456140350877193,0.43859649122807,0.105263157894737,-0.108219988172679,-0.00453380642617784,0.112753794598857
"275",607179,"R",0.454106280193237,0.400966183574879,0.144927536231884,0.230769230769231,0.615384615384615,0.153846153846154,0.00891861761426971,-0.223337049424006,0.214418431809736
"276",607192,"R",0.477104874446086,0.409158050221566,0.113737075332349,0.509433962264151,0.364296081277213,0.126269956458636,0.0125328811262871,0.0323290878180653,-0.0448619689443523
"277",607200,"R",0.383561643835616,0.418786692759295,0.197651663405088,0.391666666666667,0.416666666666667,0.191666666666667,-0.00598499673842146,0.00810502283105025,-0.00212002609262879
"278",607229,"R",0.357723577235772,0.463414634146341,0.178861788617886,0.402597402597403,0.415584415584416,0.181818181818182,0.00295639320029562,0.0448738253616303,-0.0478302185619259
"279",607237,"L",0.472803347280335,0.422594142259414,0.104602510460251,0.52,0.32,0.16,0.0553974895397489,0.0471966527196653,-0.102594142259414
"280",607352,"R",0.36036036036036,0.486486486486487,0.153153153153153,0.5,0.333333333333333,0.166666666666667,0.0135135135135136,0.13963963963964,-0.153153153153153
"281",607374,"R",0.448598130841121,0.378504672897196,0.172897196261682,0.444444444444444,0.444444444444444,0.111111111111111,-0.0617860851505712,-0.00415368639667707,0.0659397715472482
"282",607391,"R",0.434316353887399,0.407506702412869,0.158176943699732,0.538461538461538,0.317307692307692,0.144230769230769,-0.0139461744689626,0.104145184574139,-0.0901990101051763
"283",607455,"L",0.434782608695652,0.358695652173913,0.206521739130435,0.41304347826087,0.478260869565217,0.108695652173913,-0.0978260869565217,-0.0217391304347826,0.119565217391304
"284",607536,"L",0.423380726698262,0.371248025276461,0.205371248025277,0.436031331592689,0.360313315926893,0.203655352480418,-0.00171589554485885,0.012650604894427,-0.0109347093495683
"285",607560,"R",0.479411764705882,0.344117647058824,0.176470588235294,0.605263157894737,0.315789473684211,0.0789473684210527,-0.0975232198142415,0.125851393188854,-0.028328173374613
"286",607572,"L",0.441087613293051,0.429003021148036,0.129909365558912,0.533333333333333,0.333333333333333,0.133333333333333,0.00342396777442089,0.092245720040282,-0.0956696878147029
"287",607625,"R",0.497252747252747,0.332417582417582,0.17032967032967,0.487341772151899,0.379746835443038,0.132911392405063,-0.0374182779246071,-0.00991097510084854,0.0473292530254556
"288",607644,"L",0.534653465346535,0.346534653465347,0.118811881188119,0.429184549356223,0.360515021459227,0.210300429184549,0.0914885479964306,-0.105468915990311,0.013980367993881
"289",608032,"R",0.493150684931507,0.33972602739726,0.167123287671233,0.454545454545455,0.393939393939394,0.151515151515152,-0.0156081361560814,-0.0386052303860523,0.0542133665421337
"290",608328,"R",0.477611940298507,0.358208955223881,0.164179104477612,0.458333333333333,0.5,0.0416666666666667,-0.122512437810945,-0.0192786069651741,0.141791044776119
"291",608331,"L",0.476586888657648,0.354838709677419,0.168574401664932,0.41025641025641,0.394871794871795,0.194871794871795,0.0262973932068624,-0.066330478401238,0.0400330851943755
"292",608334,"R",0.426900584795322,0.426900584795322,0.146198830409357,0.4375,0.4375,0.125,-0.0211988304093568,0.0105994152046784,0.0105994152046784
"293",608335,"R",0.420863309352518,0.406474820143885,0.172661870503597,0.25,0.375,0.375,0.202338129496403,-0.170863309352518,-0.0314748201438849
"294",608337,"R",0.507918552036199,0.35972850678733,0.132352941176471,0.529780564263323,0.351097178683386,0.119122257053291,-0.0132306841231791,0.0218620122271238,-0.00863132810394474
"295",608344,"L",0.37037037037037,0.407407407407407,0.222222222222222,0.555555555555556,0.296296296296296,0.148148148148148,-0.0740740740740742,0.185185185185185,-0.111111111111111
"296",608349,"R",0.488038277511962,0.382775119617225,0.129186602870813,0.348837209302326,0.534883720930233,0.116279069767442,-0.0129075331033716,-0.139201068209636,0.152108601313008
"297",608371,"R",0.495260663507109,0.398104265402844,0.106635071090047,0.442622950819672,0.426229508196721,0.131147540983607,0.0245124698935592,-0.0526377126874369,0.0281252427938777
"298",608379,"R",0.49003984063745,0.382470119521912,0.127490039840637,0.467857142857143,0.339285714285714,0.192857142857143,0.0653671030165054,-0.0221826977803073,-0.043184405236198
"299",608566,"R",0.454761904761905,0.346428571428571,0.198809523809524,0.475352112676056,0.338028169014085,0.186619718309859,-0.0121898054996645,0.0205902079141516,-0.00840040241448692
"300",608648,"R",0.514204545454545,0.340909090909091,0.144886363636364,0.285714285714286,0.5,0.214285714285714,0.0693993506493505,-0.22849025974026,0.159090909090909
"301",608652,"R",0.478260869565217,0.402173913043478,0.119565217391304,0.615384615384615,0.346153846153846,0.0384615384615384,-0.0811036789297659,0.137123745819398,-0.0560200668896321
"302",608665,"R",0.409594095940959,0.424354243542435,0.166051660516605,0.567567567567568,0.351351351351351,0.0810810810810811,-0.084970579435524,0.157973471626608,-0.0730028921910841
"303",608678,"R",0.489795918367347,0.394557823129252,0.115646258503401,0.588235294117647,0.117647058823529,0.294117647058823,0.178471388555422,0.0984393757503002,-0.276910764305722
"304",608717,"R",0.480349344978166,0.377729257641921,0.141921397379913,0.617647058823529,0.294117647058824,0.088235294117647,-0.0536861032622657,0.137297713845363,-0.0836116105830979
"305",608718,"L",0.456349206349206,0.388888888888889,0.154761904761905,0.458333333333333,0.375,0.166666666666667,0.011904761904762,0.00198412698412698,-0.0138888888888889
"306",608723,"R",0.469879518072289,0.377510040160643,0.152610441767068,0.449086161879896,0.370757180156658,0.180156657963446,0.0275462161963781,-0.0207933561923936,-0.00675286000398456
"307",611093,"R",0.307692307692308,0.461538461538462,0.230769230769231,0.571428571428571,0.428571428571429,0,-0.230769230769231,0.263736263736264,-0.032967032967033
"308",612434,"R",0.493917274939173,0.381995133819951,0.124087591240876,0.611111111111111,0.277777777777778,0.111111111111111,-0.0129764801297648,0.117193836171938,-0.104217356042174
"309",613534,"R",0.448979591836735,0.438775510204082,0.112244897959184,0.4,0.6,0,-0.112244897959184,-0.0489795918367347,0.161224489795918
"310",615698,"R",0.458762886597938,0.365979381443299,0.175257731958763,0.465909090909091,0.397727272727273,0.136363636363636,-0.0388940955951265,0.00714620431115276,0.0317478912839738
"311",621052,"R",0.450127877237852,0.419437340153453,0.130434782608696,0.6,0.4,0,-0.130434782608696,0.149872122762148,-0.0194373401534527
"312",621076,"R",0.318181818181818,0.545454545454545,0.136363636363636,0.531914893617021,0.340425531914894,0.127659574468085,-0.0087040618955514,0.213733075435203,-0.205029013539652
"313",621078,"R",0.419512195121951,0.434146341463415,0.146341463414634,0.6,0.257142857142857,0.142857142857143,-0.00348432055749126,0.180487804878049,-0.177003484320558
"314",621097,"R",0.457994579945799,0.384823848238482,0.157181571815718,0.384615384615385,0.5,0.115384615384615,-0.0417969564311027,-0.0733791953304148,0.115176151761518
"315",621107,"R",0.498587570621469,0.347457627118644,0.153954802259887,0.491071428571429,0.258928571428571,0.25,0.096045197740113,-0.00751614205004036,-0.0885290556900726
"316",621111,"R",0.5379113018598,0.333333333333333,0.128755364806867,0.46643109540636,0.399293286219081,0.134275618374558,0.00552025356769148,-0.0714802064534393,0.065959952885748
"317",621121,"R",0.455580865603645,0.388382687927107,0.156036446469248,0.508196721311475,0.348360655737705,0.14344262295082,-0.0125938235184286,0.0526158557078308,-0.0400220321894021
"318",621129,"R",0.451505016722408,0.381270903010033,0.167224080267559,0.457142857142857,0.4,0.142857142857143,-0.0243669374104157,0.00563784042044913,0.0187290969899666
"319",621139,"R",0.530120481927711,0.397590361445783,0.072289156626506,0.44,0.56,0,-0.072289156626506,-0.0901204819277109,0.162409638554217
"320",621141,"R",0.430051813471503,0.321243523316062,0.248704663212435,0.653846153846154,0.230769230769231,0.115384615384615,-0.13332004782782,0.223794340374651,-0.0904742925468314
"321",621142,"R",0.421875,0.385416666666667,0.192708333333333,0.333333333333333,0.333333333333333,0.333333333333333,0.140625,-0.0885416666666667,-0.0520833333333334
"322",621219,"R",0.453629032258065,0.356854838709677,0.189516129032258,0.44311377245509,0.368263473053892,0.188622754491018,-0.000893374541240055,-0.0105152598029747,0.0114086343442148
"323",621237,"L",0.469194312796209,0.42654028436019,0.104265402843602,0.535714285714286,0.392857142857143,0.0714285714285714,-0.0328368314150305,0.0665199729180772,-0.0336831415030467
"324",621242,"R",0.540284360189573,0.374407582938389,0.0853080568720379,0.476190476190476,0.333333333333333,0.19047619047619,0.105168133604153,-0.0640938839990973,-0.0410742496050553
"325",621244,"R",0.472283813747228,0.368070953436807,0.159645232815965,0.479041916167665,0.37125748502994,0.149700598802395,-0.00994463401356938,0.00675810242043628,0.00318653159313304
"326",621249,"R",0.510204081632653,0.330612244897959,0.159183673469388,0.489795918367347,0.408163265306122,0.102040816326531,-0.0571428571428571,-0.0204081632653061,0.0775510204081633
"327",621261,"R",0.437837837837838,0.394594594594595,0.167567567567568,0.485714285714286,0.314285714285714,0.2,0.0324324324324324,0.0478764478764478,-0.0803088803088803
"328",621290,"R",0.418181818181818,0.387878787878788,0.193939393939394,0.428571428571429,0.428571428571429,0.142857142857143,-0.0510822510822511,0.0103896103896104,0.0406926406926407
"329",621294,"R",0.5,0.369565217391304,0.130434782608696,0.411764705882353,0.411764705882353,0.176470588235294,0.0460358056265985,-0.0882352941176471,0.0421994884910486
"330",621295,"R",0.481268011527378,0.37463976945245,0.144092219020173,0.619047619047619,0.333333333333333,0.0476190476190477,-0.0964731714011252,0.137779607520242,-0.0413064361191163
"331",621345,"L",0.519736842105263,0.364035087719298,0.116228070175439,0.434782608695652,0.391304347826087,0.173913043478261,0.0576849733028223,-0.084954233409611,0.0272692601067887
"332",621366,"L",0.479233226837061,0.402555910543131,0.118210862619808,0.5,0.3,0.2,0.0817891373801917,0.0207667731629393,-0.102555910543131
"333",621368,"L",0.503105590062112,0.385093167701863,0.111801242236025,0.625,0.3125,0.0625,-0.0493012422360248,0.121894409937888,-0.0725931677018634
"334",621381,"L",0.469512195121951,0.338414634146341,0.192073170731707,0.5,0.357142857142857,0.142857142857143,-0.0492160278745646,0.0304878048780488,0.0187282229965157
"335",621593,"R",0.222222222222222,0.666666666666667,0.111111111111111,0.714285714285714,0.142857142857143,0.142857142857143,0.0317460317460316,0.492063492063492,-0.523809523809524
"336",622065,"L",0.465168539325843,0.361797752808989,0.173033707865169,0.454198473282443,0.370229007633588,0.175572519083969,0.00253881121880084,-0.0109700660434,0.00843125482459905
"337",622072,"L",0.506289308176101,0.349056603773585,0.144654088050314,0.483870967741935,0.387096774193548,0.129032258064516,-0.0156218299857983,-0.0224183404341651,0.0380401704199635
"338",622075,"R",0.428571428571429,0.384615384615385,0.186813186813187,0.55,0.375,0.075,-0.111813186813187,0.121428571428571,-0.00961538461538464
"339",622088,"R",0.508158508158508,0.370629370629371,0.121212121212121,0.41025641025641,0.461538461538462,0.128205128205128,0.00699300699300698,-0.0979020979020979,0.0909090909090909
"340",622098,"R",0.4375,0.375,0.1875,0.481481481481481,0.407407407407407,0.111111111111111,-0.0763888888888888,0.0439814814814815,0.0324074074074074
"341",622250,"R",0.454545454545455,0.272727272727273,0.272727272727273,0.6,0.1,0.3,0.0272727272727273,0.145454545454545,-0.172727272727273
"342",622251,"R",0.523584905660377,0.363207547169811,0.113207547169811,0.545454545454545,0.363636363636364,0.0909090909090909,-0.0222984562607204,0.021869639794168,0.000428816466552351
"343",622253,"R",0.429133858267717,0.413385826771654,0.15748031496063,0,0.5,0.5,0.34251968503937,-0.429133858267717,0.0866141732283465
"344",622490,"R",0.442622950819672,0.475409836065574,0.0819672131147542,1,0,0,-0.0819672131147542,0.557377049180328,-0.475409836065574
"345",622491,"R",0.48928238583411,0.349487418452936,0.161230195712954,0.567415730337079,0.348314606741573,0.0842696629213482,-0.0769605327916061,0.0781333445029687,-0.00117281171136263
"346",622492,"R",0.403669724770642,0.412844036697248,0.18348623853211,0.571428571428571,0.285714285714286,0.142857142857143,-0.0406290956749672,0.167758846657929,-0.127129750982962
"347",622503,"R",0.472972972972973,0.324324324324324,0.202702702702703,0.552631578947368,0.315789473684211,0.131578947368421,-0.0711237553342816,0.0796586059743955,-0.00853485064011383
"348",622608,"R",0.443053817271589,0.355444305381727,0.201501877346683,0.38109756097561,0.405487804878049,0.213414634146341,0.0119127567996581,-0.0619562562959797,0.0500434994963216
"349",622694,"R",0.517857142857143,0.336309523809524,0.145833333333333,0.616071428571429,0.285714285714286,0.0982142857142857,-0.0476190476190476,0.0982142857142857,-0.0505952380952381
"350",622772,"R",0.45609756097561,0.326829268292683,0.217073170731707,0.625,0.291666666666667,0.0833333333333333,-0.133739837398374,0.16890243902439,-0.0351626016260163
"351",623149,"R",0.339805825242718,0.436893203883495,0.223300970873786,0.4,0.44,0.16,-0.0633009708737865,0.0601941747572816,0.00310679611650488
"352",623352,"L",0.522346368715084,0.396648044692737,0.0810055865921788,0.6,0.32,0.0800000000000001,-0.00100558659217875,0.0776536312849162,-0.0766480446927374
"353",623364,"L",0.428571428571429,0.5,0.0714285714285714,0.6,0.4,0,-0.0714285714285714,0.171428571428571,-0.1
"354",623433,"R",0.516795865633075,0.310077519379845,0.17312661498708,0.583333333333333,0.291666666666667,0.125,-0.0481266149870802,0.0665374677002585,-0.0184108527131783
"355",623437,"R",0.515384615384615,0.330769230769231,0.153846153846154,0.533333333333333,0.266666666666667,0.2,0.046153846153846,0.017948717948718,-0.0641025641025641
"356",623454,"R",0.476190476190476,0.452380952380952,0.0714285714285714,0.333333333333333,0.5,0.166666666666667,0.0952380952380953,-0.142857142857143,0.0476190476190476
"357",623465,"R",0.482014388489209,0.392086330935252,0.12589928057554,0.4,0.6,0,-0.12589928057554,-0.0820143884892086,0.207913669064748
"358",623470,"R",0.470588235294118,0.391176470588235,0.138235294117647,0.368421052631579,0.473684210526316,0.157894736842105,0.0196594427244583,-0.102167182662539,0.0825077399380805
"359",623474,"R",0.450310559006211,0.403726708074534,0.145962732919255,0.555555555555556,0.277777777777778,0.166666666666667,0.020703933747412,0.105244996549344,-0.125948930296756
"360",623485,"R",0.3875,0.3,0.3125,0.3125,0.5,0.1875,-0.125,-0.075,0.2
"361",624133,"L",0.27027027027027,0.486486486486487,0.243243243243243,0.357142857142857,0.428571428571429,0.214285714285714,-0.0289575289575289,0.0868725868725869,-0.057915057915058
"362",624407,NA,NA,NA,NA,0.380952380952381,0.333333333333333,0.285714285714286,NA,NA,NA
"363",624418,"R",0.431325301204819,0.421686746987952,0.146987951807229,0.386178861788618,0.41869918699187,0.195121951219512,0.0481339994122832,-0.0451464394162014,-0.00298755999608191
"364",624586,"R",0.504587155963303,0.357798165137615,0.137614678899083,0.142857142857143,0.428571428571429,0.428571428571429,0.290956749672346,-0.36173001310616,0.0707732634338138
"365",625643,"R",0.464539007092199,0.393617021276596,0.141843971631206,0.466981132075472,0.382075471698113,0.150943396226415,0.0090994245952094,0.00244212498327312,-0.0115415495784825
"366",626929,"L",0.430656934306569,0.357664233576642,0.211678832116788,0.396946564885496,0.419847328244275,0.183206106870229,-0.0284727252465593,-0.0337103694210731,0.0621830946676324
"367",628317,"R",0.513031550068587,0.327846364883402,0.159122085048011,0.514056224899598,0.349397590361446,0.136546184738956,-0.0225759003090551,0.00102467483101121,0.0215512254780439
"368",628452,"R",0.540229885057471,0.330459770114943,0.129310344827586,0.655172413793103,0.275862068965517,0.0689655172413793,-0.0603448275862069,0.114942528735632,-0.0545977011494253
"369",628711,"L",0.501108647450111,0.339246119733925,0.159645232815965,0.48062015503876,0.325581395348837,0.193798449612403,0.0341532167964385,-0.0204884924113511,-0.0136647243850874
"370",629498,"R",0.549019607843137,0.333333333333333,0.117647058823529,0.333333333333333,0.333333333333333,0.333333333333333,0.215686274509804,-0.215686274509804,0
"371",630023,"R",0.39047619047619,0.428571428571429,0.180952380952381,0.457831325301205,0.36144578313253,0.180722891566265,-0.000229489386115889,0.0673551348250143,-0.0671256454388984
"372",640444,"R",0.302631578947368,0.539473684210526,0.157894736842105,0.389380530973451,0.504424778761062,0.106194690265487,-0.0517000465766186,0.0867489520260829,-0.0350489054494644
"373",640448,"R",0.481865284974093,0.354922279792746,0.163212435233161,0.2,0.8,0,-0.163212435233161,-0.281865284974093,0.445077720207254
"374",640451,"R",0.5,0.326923076923077,0.173076923076923,0.45,0.4,0.15,-0.0230769230769232,-0.05,0.0730769230769231
"375",640455,"L",0.456363636363636,0.341818181818182,0.201818181818182,0.452755905511811,0.354330708661417,0.192913385826772,-0.00890479599141014,-0.00360773085182536,0.0125125268432355
"376",640470,"R",0.516447368421053,0.368421052631579,0.115131578947368,0.5,0.25,0.25,0.134868421052632,-0.0164473684210527,-0.118421052631579
"377",641154,"R",0.463829787234043,0.364539007092199,0.171631205673759,0.531914893617021,0.304964539007092,0.163120567375887,-0.00851063829787224,0.0680851063829787,-0.0595744680851064
"378",641302,"L",0.476851851851852,0.358796296296296,0.164351851851852,0.421383647798742,0.415094339622642,0.163522012578616,-0.000829839273235544,-0.0554682040531097,0.0562980433263452
"379",641312,"R",0.446153846153846,0.438461538461538,0.115384615384615,0.642857142857143,0.0714285714285714,0.285714285714286,0.17032967032967,0.196703296703297,-0.367032967032967
"380",641341,"R",0.412844036697248,0.431192660550459,0.155963302752294,0.333333333333333,0.333333333333333,0.333333333333333,0.17737003058104,-0.0795107033639144,-0.0978593272171254
"381",641401,"R",0.539007092198582,0.354609929078014,0.106382978723404,0.525,0.375,0.1,-0.00638297872340432,-0.0140070921985815,0.0203900709219858
"382",641420,"R",0.523809523809524,0.352380952380952,0.123809523809524,0.474576271186441,0.423728813559322,0.101694915254237,-0.0221146085552866,-0.0492332526230831,0.0713478611783696
"383",641447,"L",0.40661938534279,0.382978723404255,0.210401891252955,0.416666666666667,0.354166666666667,0.229166666666667,0.0187647754137116,0.0100472813238771,-0.0288120567375886
"384",641482,"L",0.452631578947368,0.431578947368421,0.11578947368421,0.421875,0.421875,0.15625,0.0404605263157896,-0.0307565789473684,-0.00970394736842106
"385",641513,"R",0.5,0,0.5,0.307692307692308,0.384615384615385,0.307692307692308,-0.192307692307692,-0.192307692307692,0.384615384615385
"386",641540,"R",0.434883720930233,0.4,0.165116279069767,0.480263157894737,0.381578947368421,0.138157894736842,-0.0269583843329254,0.0453794369645043,-0.0184210526315789
"387",641582,"R",0.492890995260663,0.348341232227488,0.158767772511848,0.555555555555556,0.444444444444444,0,-0.158767772511848,0.0626645602948921,0.0961032122169563
"388",641627,"R",0.409937888198758,0.440993788819876,0.149068322981367,0.292682926829268,0.536585365853659,0.170731707317073,0.0216633843357066,-0.117254961369489,0.0955915770337828
"389",641712,"R",0.462650602409639,0.366265060240964,0.171084337349398,0.4,0.4,0.2,0.0289156626506024,-0.0626506024096385,0.0337349397590362
"390",641726,"R",0.526315789473684,0.421052631578947,0.0526315789473685,0.4375,0.34375,0.21875,0.166118421052632,-0.0888157894736842,-0.0773026315789473
"391",641729,"R",0.5,0.328125,0.171875,0.321428571428571,0.535714285714286,0.142857142857143,-0.0290178571428572,-0.178571428571429,0.207589285714286
"392",641743,"L",0.415873015873016,0.438095238095238,0.146031746031746,0.4,0.454545454545455,0.145454545454546,-0.000577200577200454,-0.0158730158730159,0.0164502164502164
"393",641745,"R",0.444113263785395,0.375558867362146,0.180327868852459,0.493670886075949,0.367088607594937,0.139240506329114,-0.0410873625233451,0.0495576222905544,-0.00847025976720933
"394",641755,"R",0.480874316939891,0.377049180327869,0.14207650273224,0.666666666666667,0,0.333333333333333,0.191256830601093,0.185792349726776,-0.377049180327869
"395",641771,"R",0.445520581113801,0.401937046004843,0.152542372881356,0.40327868852459,0.445901639344262,0.150819672131148,-0.00172270075020842,-0.0422418925892113,0.0439645933394197
"396",641778,"L",0.411458333333333,0.453125,0.135416666666667,0.38,0.42,0.2,0.0645833333333332,-0.0314583333333333,-0.033125
"397",641793,"R",0.443037974683544,0.392405063291139,0.164556962025316,0.454545454545455,0.363636363636364,0.181818181818182,0.0172612197928654,0.0115074798619103,-0.0287686996547756
"398",641816,"R",0.477801268498943,0.395348837209302,0.126849894291755,0.5,0.367424242424242,0.132575757575758,0.00572586328400282,0.0221987315010571,-0.0279245947850599
"399",641838,"R",0.378947368421053,0.4,0.221052631578947,0.5,0,0.5,0.278947368421053,0.121052631578947,-0.4
"400",641851,"R",0.522388059701492,0.365671641791045,0.111940298507463,0.407407407407407,0.37037037037037,0.222222222222222,0.11028192371476,-0.114980652294085,0.00469872857932557
"401",641871,"R",0.47029702970297,0.366336633663366,0.163366336633663,0.666666666666667,0.166666666666667,0.166666666666667,0.00330033003300334,0.196369636963696,-0.1996699669967
"402",641941,"R",0.482843137254902,0.365196078431373,0.151960784313726,0.533333333333333,0.366666666666667,0.1,-0.0519607843137254,0.0504901960784314,0.00147058823529411
"403",641995,"R",0.45,0.45,0.1,0.333333333333333,0.666666666666667,0,-0.1,-0.116666666666667,0.216666666666667
"404",642003,"L",0.434343434343434,0.429292929292929,0.136363636363636,0.346153846153846,0.538461538461538,0.115384615384615,-0.0209790209790209,-0.0881895881895882,0.109168609168609
"405",642083,"R",0.475195822454308,0.33420365535248,0.190600522193211,0.666666666666667,0,0.333333333333333,0.142732811140122,0.191470844212359,-0.33420365535248
"406",642092,"R",0.497777777777778,0.333333333333333,0.168888888888889,0.375,0.3125,0.3125,0.143611111111111,-0.122777777777778,-0.0208333333333333
"407",642100,"L",0.427272727272727,0.4,0.172727272727273,0.363636363636364,0.636363636363636,0,-0.172727272727273,-0.0636363636363636,0.236363636363636
"408",642121,"R",0.442159383033419,0.408740359897172,0.149100257069409,0.6,0,0.4,0.250899742930591,0.157840616966581,-0.408740359897172
"409",642130,"L",0.44390243902439,0.385365853658537,0.170731707317073,0.444444444444444,0.333333333333333,0.222222222222222,0.0514905149051492,0.00054200542005417,-0.0520325203252033
"410",642152,"R",0.442934782608696,0.421195652173913,0.135869565217391,0.536585365853659,0.292682926829268,0.170731707317073,0.0348621420996817,0.0936505832449629,-0.128512725344645
"411",642203,"R",0.482625482625483,0.366795366795367,0.150579150579151,0.49,0.44,0.0700000000000001,-0.0805791505791505,0.00737451737451739,0.0732046332046332
"412",642207,"R",0.54040404040404,0.378787878787879,0.0808080808080808,0.142857142857143,0.714285714285714,0.142857142857143,0.062049062049062,-0.397546897546898,0.335497835497836
"413",642232,"L",0.480905233380481,0.315417256011315,0.203677510608204,0.422535211267606,0.383802816901408,0.193661971830986,-0.0100155387772176,-0.0583700221128753,0.068385560890093
"414",642233,"R",0.488250652741514,0.347258485639687,0.164490861618799,0.451612903225806,0.387096774193548,0.161290322580645,-0.00320053903815376,-0.0366377495157079,0.0398382885538617
"415",642397,"L",0.453521126760563,0.411267605633803,0.135211267605634,0.5,0.333333333333333,0.166666666666667,0.0314553990610329,0.0464788732394366,-0.0779342723004695
"416",642528,"R",0.485,0.355,0.16,0.558823529411765,0.294117647058824,0.147058823529412,-0.0129411764705883,0.0738235294117647,-0.0608823529411764
"417",642545,"R",0.463054187192118,0.344827586206897,0.192118226600985,0.388888888888889,0.333333333333333,0.277777777777778,0.0856595511767926,-0.0741652983032293,-0.0114942528735633
"418",642546,"R",0.455172413793103,0.395402298850575,0.149425287356322,0.4,0.44,0.16,0.0105747126436782,-0.0551724137931034,0.0445977011494253
"419",642547,"R",0.49390243902439,0.388211382113821,0.117886178861789,0.545454545454545,0.333333333333333,0.121212121212121,0.00332594235033268,0.0515521064301552,-0.0548780487804878
"420",642558,"R",0.333333333333333,0.416666666666667,0.25,0.422535211267606,0.366197183098592,0.211267605633803,-0.0387323943661972,0.0892018779342723,-0.0504694835680751
"421",642584,"R",0.408759124087591,0.45985401459854,0.131386861313869,0.505747126436782,0.35632183908046,0.137931034482759,0.00654417316888989,0.0969880023491904,-0.10353217551808
"422",642701,"R",0.488888888888889,0.36,0.151111111111111,0.575,0.3,0.125,-0.0261111111111112,0.0861111111111111,-0.06
"423",642770,"R",0.456140350877193,0.333333333333333,0.210526315789474,0.333333333333333,0.666666666666667,0,-0.210526315789474,-0.12280701754386,0.333333333333333
"424",643230,"L",0.440809968847352,0.404984423676012,0.154205607476636,0.441176470588235,0.441176470588235,0.117647058823529,-0.0365585486531061,0.000366501740883263,0.0361920469122228
"425",643256,"R",0.440251572327044,0.333333333333333,0.226415094339623,0.4,0.4,0.2,-0.0264150943396226,-0.040251572327044,0.0666666666666667
"426",643290,"R",0.438356164383562,0.416829745596869,0.14481409001957,0.428571428571429,0.417989417989418,0.153439153439153,0.00862506341958391,-0.00978473581213307,0.0011596723925491
"427",643316,"L",0.449367088607595,0.39873417721519,0.151898734177215,0.538461538461538,0.384615384615385,0.0769230769230769,-0.0749756572541382,0.0890944498539435,-0.0141187925998053
"428",643327,"R",0.452127659574468,0.382978723404255,0.164893617021277,0.410714285714286,0.428571428571429,0.160714285714286,-0.00417933130699077,-0.0414133738601824,0.0455927051671732
"429",643338,"R",0.549107142857143,0.3125,0.138392857142857,0.648648648648649,0.27027027027027,0.081081081081081,-0.0573117760617761,0.0995415057915058,-0.0422297297297297
"430",643478,"L",0.5625,0.395833333333333,0.0416666666666667,0.3,0.4,0.3,0.258333333333333,-0.2625,0.00416666666666671
"431",643511,"R",0.469230769230769,0.335897435897436,0.194871794871795,0.642857142857143,0.285714285714286,0.0714285714285714,-0.123443223443223,0.173626373626374,-0.0501831501831502
"432",643532,"R",0.402298850574713,0.436781609195402,0.160919540229885,0.260869565217391,0.521739130434783,0.217391304347826,0.0564717641179411,-0.141429285357321,0.0849575212393803
"433",643615,"R",0.391891891891892,0.364864864864865,0.243243243243243,0.333333333333333,0.583333333333333,0.0833333333333333,-0.15990990990991,-0.0585585585585586,0.218468468468469
"434",643778,"L",0.477351916376307,0.334494773519164,0.18815331010453,0.424242424242424,0.424242424242424,0.151515151515151,-0.0366381585893781,-0.0531094921338824,0.0897476507232605
"435",645261,"R",0.463855421686747,0.36144578313253,0.174698795180723,0.464285714285714,0.345238095238095,0.19047619047619,0.0157773952954676,0.000430292598967319,-0.0162076878944349
"436",645307,"L",0.4375,0.428571428571429,0.133928571428571,0.25,0.5,0.25,0.116071428571429,-0.1875,0.0714285714285715
"437",650633,"R",0.448369565217391,0.385869565217391,0.165760869565217,0.486486486486487,0.333333333333333,0.18018018018018,0.0144193106149627,0.0381169212690952,-0.052536231884058
"438",650644,"R",0.460746460746461,0.357786357786358,0.181467181467181,0.477707006369427,0.340764331210191,0.181528662420382,6.14809532007987e-05,0.016960545622966,-0.0170220265761667
"439",650668,"R",0.506849315068493,0.335616438356164,0.157534246575342,0.517857142857143,0.392857142857143,0.0892857142857142,-0.0682485322896282,0.0110078277886497,0.0572407045009785
"440",650893,"L",0.453488372093023,0.438953488372093,0.107558139534884,0.35,0.55,0.1,-0.00755813953488371,-0.103488372093023,0.111046511627907
"441",650895,"R",0.457264957264957,0.393162393162393,0.14957264957265,0.571428571428571,0,0.428571428571429,0.278998778998779,0.114163614163614,-0.393162393162393
"442",656004,"R",0.46875,0.375,0.15625,0.25,0.6875,0.0625,-0.09375,-0.21875,0.3125
"443",656186,"R",0.455958549222798,0.406735751295337,0.137305699481865,0.611111111111111,0.222222222222222,0.166666666666667,0.0293609671848013,0.155152561888313,-0.184513529073115
"444",656222,"L",0.559440559440559,0.27972027972028,0.160839160839161,0.638888888888889,0.25,0.111111111111111,-0.0497280497280497,0.0794483294483294,-0.0297202797202797
"445",656232,"R",0.444155844155844,0.402597402597403,0.153246753246753,0.4140625,0.3984375,0.1875,0.0342532467532468,-0.0300933441558441,-0.00415990259740262
"446",656288,"R",0.44963503649635,0.404379562043796,0.145985401459854,0.418367346938776,0.38265306122449,0.198979591836735,0.0529941903768807,-0.0312676895575748,-0.0217265008193058
"447",656302,"R",0.443339960238569,0.441351888667992,0.115308151093439,0.40990099009901,0.417821782178218,0.172277227722772,0.0569690766293329,-0.0334389701395587,-0.0235301064897742
"448",656353,"L",0.357142857142857,0.571428571428571,0.0714285714285714,0.375,0.458333333333333,0.166666666666667,0.0952380952380953,0.0178571428571428,-0.113095238095238
"449",656420,"R",0.408602150537634,0.419354838709677,0.172043010752688,0.5,0.35,0.15,-0.0220430107526881,0.0913978494623656,-0.0693548387096775
"450",656427,"R",0.481149012567325,0.375224416517056,0.143626570915619,0.492481203007519,0.387218045112782,0.120300751879699,-0.0233258190359201,0.0113321904401938,0.0119936285957263
"451",656464,"R",0.468085106382979,0.400709219858156,0.131205673758865,0.416666666666667,0.375,0.208333333333333,0.0771276595744681,-0.051418439716312,-0.0257092198581561
"452",656546,"R",0.435967302452316,0.386920980926431,0.177111716621253,0.517241379310345,0.310344827586207,0.172413793103448,-0.00469792351780529,0.0812740768580288,-0.0765761533402236
"453",656547,"R",0.442771084337349,0.379518072289157,0.177710843373494,0.340909090909091,0.386363636363636,0.272727272727273,0.0950164293537787,-0.101861993428259,0.00684556407447973
"454",656557,"R",0.459915611814346,0.426160337552743,0.113924050632911,0.555555555555556,0.296296296296296,0.148148148148148,0.0342240975152368,0.0956399437412096,-0.129864041256446
"455",656605,"R",0.426426426426426,0.441441441441441,0.132132132132132,0.458333333333333,0.458333333333333,0.0833333333333334,-0.0487987987987988,0.0319069069069069,0.0168918918918919
"456",656685,"L",0.406060606060606,0.406060606060606,0.187878787878788,0.413793103448276,0.413793103448276,0.172413793103448,-0.0154649947753396,0.00773249738766979,0.00773249738766979
"457",656756,"L",0.49247311827957,0.329032258064516,0.178494623655914,0.494071146245059,0.351778656126482,0.154150197628458,-0.0243444260274555,0.00159802796548936,0.0227463980619661
"458",656793,"R",0.469594594594595,0.391891891891892,0.138513513513514,0.396825396825397,0.317460317460317,0.285714285714286,0.147200772200772,-0.0727691977691978,-0.0744315744315744
"459",656794,"L",0.430327868852459,0.422131147540984,0.147540983606557,0.326923076923077,0.461538461538462,0.211538461538461,0.0639974779319041,-0.103404791929382,0.0394073139974779
"460",656849,"L",0.420711974110032,0.402912621359223,0.176375404530744,0.441666666666667,0.4,0.158333333333333,-0.0180420711974111,0.0209546925566343,-0.00291262135922327
"461",656876,"R",0.5,0.362204724409449,0.137795275590551,0.529411764705882,0.411764705882353,0.0588235294117647,-0.0789717461787864,0.0294117647058824,0.0495599814729041
"462",656913,"L",0.523809523809524,0.285714285714286,0.19047619047619,0.434782608695652,0.521739130434783,0.0434782608695652,-0.146997929606625,-0.0890269151138717,0.236024844720497
"463",656945,"L",0.446153846153846,0.421538461538462,0.132307692307692,0,0.5,0.5,0.367692307692308,-0.446153846153846,0.0784615384615385
"464",656954,"L",0.446280991735537,0.373278236914601,0.180440771349862,0.46969696969697,0.409090909090909,0.121212121212121,-0.0592286501377411,0.0234159779614325,0.0358126721763086
"465",656970,"L",0.43298969072165,0.371134020618557,0.195876288659794,0.461538461538462,0.41025641025641,0.128205128205128,-0.0676711604546656,0.0285487708168121,0.0391223896378535
"466",657024,"R",0.518248175182482,0.343065693430657,0.138686131386861,0.333333333333333,0.444444444444444,0.222222222222222,0.0835360908353611,-0.184914841849148,0.101378751013787
"467",657044,"R",0.466386554621849,0.338235294117647,0.195378151260504,0.379310344827586,0.5,0.120689655172414,-0.0746884960880904,-0.0870762097942626,0.161764705882353
"468",657053,"R",0.4609375,0.40234375,0.13671875,0.473684210526316,0.407894736842105,0.118421052631579,-0.018297697368421,0.0127467105263158,0.00555098684210525
"469",657097,"R",0.489583333333333,0.369791666666667,0.140625,0.666666666666667,0.333333333333333,0,-0.140625,0.177083333333333,-0.0364583333333334
"470",657140,"R",0.430861723446894,0.410821643286573,0.158316633266533,0.396449704142012,0.390532544378698,0.21301775147929,0.0547011182127568,-0.0344120193048819,-0.0202890989078749
"471",657141,"R",0.434426229508197,0.450819672131148,0.114754098360656,0.428571428571429,0.392857142857143,0.178571428571429,0.0638173302107728,-0.00585480093676816,-0.0579625292740047
"472",657277,"R",0.451237263464338,0.38136826783115,0.167394468704512,0.439252336448598,0.401869158878505,0.158878504672897,-0.00851596403161514,-0.0119849270157396,0.0205008910473548
"473",657571,"L",0.58984375,0.27734375,0.1328125,0.619047619047619,0.19047619047619,0.19047619047619,0.0576636904761905,0.0292038690476191,-0.0868675595238095
"474",657611,"R",0.488,0.364,0.148,0.432835820895522,0.373134328358209,0.194029850746269,0.0460298507462686,-0.0551641791044776,0.00913432835820899
"475",657612,"L",0.486772486772487,0.375661375661376,0.137566137566138,0.727272727272727,0.272727272727273,0,-0.137566137566138,0.240500240500241,-0.102934102934103
"476",657624,"R",0.449275362318841,0.43768115942029,0.11304347826087,0.381818181818182,0.436363636363636,0.181818181818182,0.0687747035573123,-0.0674571805006587,-0.0013175230566535
"477",658305,"R",0.418604651162791,0.465116279069767,0.116279069767442,0.347826086956522,0.478260869565217,0.173913043478261,0.057633973710819,-0.070778564206269,0.01314459049545
"478",658551,"R",0.4,0.36,0.24,0.4,0.457142857142857,0.142857142857143,-0.0971428571428572,0,0.0971428571428571
"479",659275,"R",0.528484848484848,0.338181818181818,0.133333333333333,0.514285714285714,0.304761904761905,0.180952380952381,0.0476190476190477,-0.0141991341991342,-0.0334199134199134
"480",660422,"R",0.142857142857143,0.428571428571429,0.428571428571429,0.4,0.6,0,-0.428571428571429,0.257142857142857,0.171428571428571
"481",660431,"R",0.230769230769231,0.692307692307692,0.0769230769230769,0.368421052631579,0.421052631578947,0.210526315789474,0.133603238866397,0.137651821862348,-0.271255060728745
"482",660600,"R",0.483490566037736,0.363207547169811,0.153301886792453,0.466666666666667,0.466666666666667,0.0666666666666667,-0.0866352201257863,-0.0168238993710692,0.103459119496855
"483",660623,"R",0.459915611814346,0.383966244725738,0.156118143459916,0.363636363636364,0.545454545454545,0.0909090909090909,-0.0652090525508248,-0.0962792481779823,0.161488300728807
"484",660761,"L",0.36734693877551,0.469387755102041,0.163265306122449,0.421052631578947,0.421052631578947,0.157894736842105,-0.00537056928034363,0.0537056928034371,-0.0483351235230935
"485",660813,"R",0.450980392156863,0.305322128851541,0.243697478991597,0.416666666666667,0.333333333333333,0.25,0.00630252100840334,-0.0343137254901961,0.0280112044817927
"486",660896,"R",0.454838709677419,0.409677419354839,0.135483870967742,0.48936170212766,0.361702127659574,0.148936170212766,0.013452299245024,0.0345229924502402,-0.0479752916952642
"487",661255,"R",0.463203463203463,0.333333333333333,0.203463203463203,0.333333333333333,0.466666666666667,0.2,-0.0034632034632035,-0.12987012987013,0.133333333333333
"488",663366,"R",0.369565217391304,0.434782608695652,0.195652173913043,0.39344262295082,0.39344262295082,0.213114754098361,0.0174625801853172,0.0238774055595153,-0.0413399857448325
"489",663432,"R",0.514056224899598,0.381526104417671,0.104417670682731,0.666666666666667,0.222222222222222,0.111111111111111,0.00669344042838027,0.152610441767068,-0.159303882195448
"490",663460,"L",0.443585780525502,0.400309119010819,0.156105100463679,0.468208092485549,0.416184971098266,0.115606936416185,-0.0404981640474936,0.0246223119600468,0.0158758520874467
"491",663465,"L",0.49678800856531,0.36830835117773,0.134903640256959,0.446808510638298,0.308510638297872,0.24468085106383,0.109777210806871,-0.0499794979270126,-0.0597977128798579
"492",663474,"R",0.494117647058824,0.364705882352941,0.141176470588235,0.529801324503311,0.370860927152318,0.0993377483443708,-0.0418387222438644,0.0356836774444877,0.00615504479937673
"493",663531,"L",0.402877697841727,0.431654676258993,0.165467625899281,0.326086956521739,0.456521739130435,0.217391304347826,0.0519236784485455,-0.0767907413199875,0.024867062871442
"494",663554,"R",0.444444444444444,0.4,0.155555555555556,0.437158469945355,0.420765027322404,0.14207650273224,-0.0134790528233152,-0.00728597449908924,0.0207650273224044
"495",663556,"L",0.431372549019608,0.411764705882353,0.156862745098039,0.46551724137931,0.396551724137931,0.137931034482759,-0.0189317106152805,0.0341446923597025,-0.0152129817444219
"496",663734,"R",0.386363636363636,0.443181818181818,0.170454545454545,0.372093023255814,0.348837209302326,0.279069767441861,0.108615221987315,-0.0142706131078224,-0.0943446088794926
"497",663765,"R",0.451327433628319,0.384955752212389,0.163716814159292,0.473684210526316,0.389473684210526,0.136842105263158,-0.0268747088961342,0.0223567768979972,0.00451793199813694
"498",663770,"R",0.522727272727273,0.340909090909091,0.136363636363636,0.444444444444444,0.333333333333333,0.222222222222222,0.0858585858585859,-0.0782828282828283,-0.00757575757575757
"499",663776,"L",0.451871657754011,0.358288770053476,0.189839572192513,0.44392523364486,0.401869158878505,0.154205607476636,-0.0356339647158779,-0.00794642410915086,0.0435803888250287
"500",663878,"R",0.490909090909091,0.381818181818182,0.127272727272727,0.445054945054945,0.406593406593407,0.148351648351648,0.0210789210789212,-0.0458541458541459,0.0247752247752248
"501",663903,"R",0.486585365853659,0.354878048780488,0.158536585365854,0.48559670781893,0.353909465020576,0.160493827160494,0.00195724179464019,-0.000988658034728473,-0.000968583759911656
"502",663978,"R",0.48995983935743,0.345381526104418,0.164658634538153,0.463768115942029,0.352657004830918,0.183574879227053,0.0189162446889004,-0.0261917234154007,0.0072754787265002
"503",663992,"L",0.272727272727273,0.636363636363636,0.0909090909090909,0,0,1,0.909090909090909,-0.272727272727273,-0.636363636363636
"504",664042,"R",0.43719806763285,0.396135265700483,0.166666666666667,0.447368421052632,0.473684210526316,0.0789473684210527,-0.0877192982456141,0.0101703534197813,0.0775489448258327
"505",664045,"R",0.44,0.357333333333333,0.202666666666667,0.401360544217687,0.36734693877551,0.231292517006803,0.0286258503401361,-0.0386394557823129,0.0100136054421769
"506",664054,"R",0.535885167464115,0.301435406698565,0.162679425837321,0.352941176470588,0.411764705882353,0.235294117647059,0.0726146918097383,-0.182943990993527,0.110329299183788
"507",664062,"R",0.4984375,0.334375,0.1671875,0.465968586387435,0.424083769633508,0.109947643979058,-0.0572398560209424,-0.0324689136125654,0.0897087696335079
"508",664074,"R",0.455696202531646,0.360759493670886,0.183544303797468,0.5,0.362745098039216,0.137254901960784,-0.0462894018366842,0.0443037974683544,0.00198560436832962
"509",664076,"L",1,0,0,0.5,0.166666666666667,0.333333333333333,0.333333333333333,-0.5,0.166666666666667
"510",664126,"R",0.495840266222962,0.374376039933444,0.129783693843594,0.545454545454545,0.363636363636364,0.0909090909090909,-0.0388746029345031,0.0496142792315837,-0.0107396762970806
"511",664129,"R",0.432717678100264,0.424802110817942,0.142480211081794,0,0,1,0.857519788918206,-0.432717678100264,-0.424802110817942
"512",664139,"R",0.418918918918919,0.441441441441441,0.13963963963964,0.529411764705882,0.352941176470588,0.117647058823529,-0.0219925808161102,0.110492845786963,-0.0885002649708532
"513",664141,"R",0.471698113207547,0.368782161234991,0.159519725557461,0.432558139534884,0.390697674418605,0.176744186046512,0.0172244604890502,-0.0391399736726635,0.0219155131836132
"514",664157,"L",0.435897435897436,0.495726495726496,0.0683760683760684,0.558823529411765,0.294117647058824,0.147058823529412,0.0786827551533433,0.122926093514329,-0.201608848667672
"515",664180,"L",0.468354430379747,0.40506329113924,0.126582278481013,0.4,0.4,0.2,0.0734177215189873,-0.0683544303797468,-0.00506329113924048
"516",664199,"R",0.436585365853659,0.397560975609756,0.165853658536585,0.466666666666667,0.371929824561403,0.16140350877193,-0.00445014976465541,0.0300813008130081,-0.0256311510483526
"517",664208,"R",0.502645502645503,0.343915343915344,0.153439153439153,0.75,0.25,0,-0.153439153439153,0.247354497354497,-0.0939153439153439
"518",664285,"L",0.46652719665272,0.368200836820084,0.165271966527197,0.492711370262391,0.358600583090379,0.14868804664723,-0.0165839198799663,0.026184173609671,-0.00960025372970469
"519",664299,"R",0.491754122938531,0.371814092953523,0.136431784107946,0.433447098976109,0.419795221843003,0.146757679180887,0.0103258950729412,-0.0583070239624215,0.0479811288894801
"520",664350,"R",0.466292134831461,0.344569288389513,0.189138576779026,0.444444444444444,0.333333333333333,0.222222222222222,0.0330836454431961,-0.0218476903870162,-0.0112359550561798
"521",664353,"R",0.472885032537961,0.34056399132321,0.186550976138829,0.552941176470588,0.252941176470588,0.194117647058824,0.00756667091999486,0.0800561439326273,-0.0876228148526222
"522",664714,"R",0.483516483516484,0.302197802197802,0.214285714285714,0.395833333333333,0.395833333333333,0.208333333333333,-0.00595238095238093,-0.0876831501831502,0.0936355311355311
"523",664854,"R",0.479289940828402,0.384615384615385,0.136094674556213,0.181818181818182,0.454545454545455,0.363636363636364,0.227541689080151,-0.297471759010221,0.0699300699300699
"524",664856,"R",0.417391304347826,0.4,0.182608695652174,0.461538461538462,0.307692307692308,0.230769230769231,0.0481605351170568,0.0441471571906355,-0.0923076923076923
"525",664948,"L",0.435424354243542,0.398523985239852,0.166051660516605,0.478260869565217,0.478260869565217,0.0434782608695652,-0.12257339964704,0.042836515321675,0.079736884325365
"526",665001,"R",0.5,0.367647058823529,0.132352941176471,0.285714285714286,0.428571428571429,0.285714285714286,0.153361344537815,-0.214285714285714,0.0609243697478991
"527",665093,"R",0.433070866141732,0.448818897637795,0.118110236220472,0.408450704225352,0.47887323943662,0.112676056338028,-0.00543417988244421,-0.0246201619163802,0.0300543417988244
"528",665620,"R",0.464944649446494,0.335793357933579,0.199261992619926,0.491103202846975,0.334519572953737,0.174377224199288,-0.0248847684206379,0.0261585534004806,-0.00127378497984271
"529",665621,"R",0.41044776119403,0.395522388059701,0.194029850746269,0.5,0.402777777777778,0.0972222222222222,-0.0968076285240465,0.0895522388059701,0.00725538971807632
"530",665759,"R",0.446236559139785,0.424731182795699,0.129032258064516,0.714285714285714,0.142857142857143,0.142857142857143,0.0138248847926267,0.268049155145929,-0.281874039938556
"531",666120,"R",0.481257557436518,0.380894800483676,0.137847642079806,0.363636363636364,0.545454545454545,0.0909090909090909,-0.0469385511707155,-0.117621193800154,0.16455974497087
"532",666129,"L",0.611111111111111,0.333333333333333,0.0555555555555556,0.405172413793103,0.448275862068966,0.146551724137931,0.0909961685823755,-0.205938697318008,0.114942528735632
"533",666200,"L",0.461997019374069,0.365126676602086,0.172876304023845,0.43298969072165,0.399484536082474,0.167525773195876,-0.00535053082796877,-0.0290073286524191,0.0343578594803878
"534",666674,"R",0,1,0,0.318181818181818,0.5,0.181818181818182,0.181818181818182,0.318181818181818,-0.5
"535",667463,"L",0.438709677419355,0.374193548387097,0.187096774193548,0.517241379310345,0.310344827586207,0.172413793103448,-0.0146829810901001,0.07853170189099,-0.0638487208008899
"536",667465,"L",0.439393939393939,0.454545454545455,0.106060606060606,0.321428571428571,0.571428571428571,0.107142857142857,0.00108225108225113,-0.117965367965368,0.116883116883117
"537",667498,"R",0.44,0.346666666666667,0.213333333333333,0.393939393939394,0.393939393939394,0.212121212121212,-0.00121212121212122,-0.0460606060606061,0.0472727272727272
"538",668338,"R",0.375,0.5,0.125,0.411764705882353,0.411764705882353,0.176470588235294,0.0514705882352942,0.0367647058823529,-0.0882352941176471
"539",668676,"R",0.52191235059761,0.324701195219123,0.153386454183267,0.467836257309941,0.327485380116959,0.204678362573099,0.0512919083898324,-0.054076093287668,0.00278418489783555
"540",668678,"R",0.474103585657371,0.379814077025232,0.146082337317397,0.457875457875458,0.362637362637363,0.17948717948718,0.0334048421697825,-0.0162281277819127,-0.0171767143878698
"541",668687,"R",0.421686746987952,0.44578313253012,0.132530120481928,0.422222222222222,0.444444444444444,0.133333333333333,0.00080321285140561,0.000535475234270388,-0.00133868808567605
"542",668941,"L",0.484126984126984,0.349206349206349,0.166666666666667,0.333333333333333,0.5,0.166666666666667,0,-0.150793650793651,0.150793650793651
"543",669060,"R",0.466135458167331,0.370517928286853,0.163346613545817,0.5,0.392857142857143,0.107142857142857,-0.0562037564029596,0.0338645418326693,0.0223392145702903
"544",669064,"R",0.425287356321839,0.379310344827586,0.195402298850575,0.333333333333333,0.222222222222222,0.444444444444444,0.24904214559387,-0.0919540229885057,-0.157088122605364
"545",669145,"L",0.478260869565217,0.347826086956522,0.173913043478261,0.5,0.333333333333333,0.166666666666667,-0.00724637681159412,0.0217391304347826,-0.0144927536231884
"546",669160,"R",0.477027027027027,0.351351351351351,0.171621621621622,0.483766233766234,0.344155844155844,0.172077922077922,0.000456300456300518,0.00673920673920675,-0.00719550719550721
"547",669203,"R",0.489065606361829,0.389662027833002,0.121272365805169,0,0.5,0.5,0.378727634194831,-0.489065606361829,0.110337972166998
"548",669211,"L",0.512,0.354666666666667,0.133333333333333,0.451612903225806,0.354838709677419,0.193548387096774,0.0602150537634409,-0.0603870967741936,0.000172043010752687
"549",669214,"L",0.452229299363057,0.375796178343949,0.171974522292994,0.7,0.1,0.2,0.0280254777070065,0.247770700636943,-0.275796178343949
"550",669270,"R",0.446808510638298,0.404255319148936,0.148936170212766,0.25,0.625,0.125,-0.0239361702127661,-0.196808510638298,0.220744680851064
"551",669289,"R",0.444444444444444,0.37037037037037,0.185185185185185,0.25,0.5,0.25,0.0648148148148148,-0.194444444444444,0.12962962962963
"552",669373,"L",0.509933774834437,0.370860927152318,0.119205298013245,0.501416430594901,0.371104815864023,0.127478753541077,0.00827345552783154,-0.00851734423953632,0.000243888711704776
"553",669432,"L",0.501043841336117,0.37160751565762,0.127348643006263,0.354838709677419,0.387096774193548,0.258064516129032,0.130715873122769,-0.146205131658698,0.0154892585359283
"554",669456,"R",0.513294797687861,0.369942196531792,0.116763005780347,0.480874316939891,0.385245901639344,0.133879781420765,0.0171167756404182,-0.0324204807479705,0.0153037051075524
"555",670056,"L",0.478260869565217,0.347826086956522,0.173913043478261,0.411764705882353,0.352941176470588,0.235294117647059,0.061381074168798,-0.0664961636828645,0.00511508951406653
"556",670167,"R",0.489082969432314,0.34061135371179,0.170305676855895,0.277777777777778,0.444444444444444,0.277777777777778,0.107472100921883,-0.211305191654537,0.103833090732654
"557",670280,"R",0.452830188679245,0.367924528301887,0.179245283018868,0.454545454545455,0.0909090909090909,0.454545454545455,0.275300171526587,0.00171526586620924,-0.277015437392796
"558",670426,"L",0.464646464646465,0.383838383838384,0.151515151515152,0.4,0.4,0.2,0.0484848484848484,-0.0646464646464646,0.0161616161616162
"559",670550,"R",0.436363636363636,0.390909090909091,0.172727272727273,0.418918918918919,0.445945945945946,0.135135135135135,-0.0375921375921376,-0.0174447174447174,0.055036855036855
"560",670912,"R",0.417322834645669,0.425196850393701,0.15748031496063,0.472527472527473,0.351648351648352,0.175824175824176,0.018343860863546,0.0552046378818032,-0.0735484987453491
"561",670950,"R",0.462162162162162,0.351351351351351,0.186486486486486,0.48,0.353333333333333,0.166666666666667,-0.0198198198198197,0.0178378378378378,0.00198198198198196
"562",670970,"L",0.493421052631579,0.361842105263158,0.144736842105263,0.511363636363636,0.352272727272727,0.136363636363636,-0.00837320574162681,0.0179425837320574,-0.00956937799043062
"563",670990,"R",0.441176470588235,0.458823529411765,0.1,0.4375,0.5,0.0625,-0.0375000000000001,-0.00367647058823528,0.0411764705882353
"564",671790,"R",0.365384615384615,0.461538461538462,0.173076923076923,0.368421052631579,0.421052631578947,0.210526315789474,0.0374493927125505,0.00303643724696356,-0.0404858299595142
"565",672578,"R",0.438461538461538,0.361538461538462,0.2,0.415584415584416,0.467532467532468,0.116883116883117,-0.0831168831168831,-0.0228771228771228,0.105994005994006
"566",672715,"R",0.462857142857143,0.4,0.137142857142857,0.5,0.285714285714286,0.214285714285714,0.0771428571428572,0.0371428571428571,-0.114285714285714
"567",673633,"R",0.41871921182266,0.389162561576355,0.192118226600985,0.434782608695652,0.478260869565217,0.0869565217391304,-0.105161704861855,0.0160633968729921,0.0890983079888627
"568",675916,"R",0.526431718061674,0.389867841409692,0.0837004405286343,0.333333333333333,0.666666666666667,0,-0.0837004405286343,-0.193098384728341,0.276798825256975
"569",675921,"R",0.481727574750831,0.362126245847176,0.156146179401993,0.492537313432836,0.313432835820896,0.194029850746269,0.0378836713442753,0.0108097386820052,-0.0486934100262805
"570",676051,"R",0.465940054495913,0.37874659400545,0.155313351498638,0.5,0.166666666666667,0.333333333333333,0.178019981834696,0.0340599455040872,-0.212079927338783
"571",676220,"R",0.456521739130435,0.434782608695652,0.108695652173913,0.444444444444444,0.407407407407407,0.148148148148148,0.0394524959742351,-0.0120772946859903,-0.0273752012882448
"572",676596,"L",0.450777202072539,0.367875647668394,0.181347150259067,0.339393939393939,0.412121212121212,0.248484848484849,0.0671376982257812,-0.111383262678599,0.0442455644528184
"573",676604,"R",0.45014245014245,0.441595441595442,0.108262108262108,0.457142857142857,0.457142857142857,0.0857142857142857,-0.0225478225478225,0.00700040700040699,0.0155474155474155
"574",676606,"L",0.490605427974948,0.348643006263048,0.160751565762004,0.391752577319588,0.417525773195876,0.190721649484536,0.0299700837225318,-0.0988528506553602,0.0688827669328283
"575",676831,"R",0.442857142857143,0.442857142857143,0.114285714285714,0.5,0.285714285714286,0.214285714285714,0.1,0.0571428571428572,-0.157142857142857
"576",677651,"R",0.437209302325581,0.409302325581395,0.153488372093023,0.375,0.416666666666667,0.208333333333333,0.05484496124031,-0.0622093023255814,0.00736434108527134
"577",677976,"R",0.429268292682927,0.370731707317073,0.2,0.421686746987952,0.349397590361446,0.228915662650602,0.0289156626506024,-0.00758154569497499,-0.0213341169556274
"578",680692,"R",0.5,0.378048780487805,0.121951219512195,0.392156862745098,0.450980392156863,0.156862745098039,0.0349115255858441,-0.107843137254902,0.0729316116690579
"579",681911,"L",0.462686567164179,0.447761194029851,0.0895522388059702,0.476190476190476,0.428571428571429,0.0952380952380953,0.00568585643212516,0.0135039090262971,-0.0191897654584222
"580",683232,"R",0.427184466019417,0.485436893203884,0.087378640776699,0.6,0.2,0.2,0.112621359223301,0.172815533980583,-0.285436893203883
"581",685493,"R",0.457627118644068,0.42090395480226,0.121468926553672,0.475409836065574,0.360655737704918,0.163934426229508,0.0424654996758358,0.0177827174215059,-0.0602482170973418
